X1,transect_id,date,year,season,location,reserve,site_n,habitat,site_name,trans_letter,depth,depth_category,lat,lon,photos,logger,visibilty,transect_size,transect_area_m2,observer_fish,species,abundance,length,distance
1,1001,2024-06-05 00:00:00,2024,spring,bat.galim,out,1,macroalgal.beds,iolr.macroalgae.diverse,A,2,shallow,32.830811,34.960314,yes,no,13,25x6,150,Sarah.Ohayon,Thalassoma.pavo,10,8,3
2,1001,2024-06-05 00:00:00,2024,spring,bat.galim,out,1,macroalgal.beds,iolr.macroalgae.diverse,A,2,shallow,32.830811,34.960314,yes,no,13,25x6,150,Sarah.Ohayon,Thalassoma.pavo,10,6,5
3,1001,2024-06-05 00:00:00,2024,spring,bat.galim,out,1,macroalgal.beds,iolr.macroalgae.diverse,A,2,shallow,32.830811,34.960314,yes,no,13,25x6,150,Sarah.Ohayon,Thalassoma.pavo,10,12,5
4,1001,2024-06-05 00:00:00,2024,spring,bat.galim,out,1,macroalgal.beds,iolr.macroalgae.diverse,A,2,shallow,32.830811,34.960314,yes,no,13,25x6,150,Sarah.Ohayon,Thalassoma.pavo,2,8,4
5,1001,2024-06-05 00:00:00,2024,spring,bat.galim,out,1,macroalgal.beds,iolr.macroalgae.diverse,A,2,shallow,32.830811,34.960314,yes,no,13,25x6,150,Sarah.Ohayon,Thalassoma.pavo,1,10,0
6,1001,2024-06-05 00:00:00,2024,spring,bat.galim,out,1,macroalgal.beds,iolr.macroalgae.diverse,A,2,shallow,32.830811,34.960314,yes,no,13,25x6,150,Sarah.Ohayon,Thalassoma.pavo,1,5,0.5
7,1001,2024-06-05 00:00:00,2024,spring,bat.galim,out,1,macroalgal.beds,iolr.macroalgae.diverse,A,2,shallow,32.830811,34.960314,yes,no,13,25x6,150,Sarah.Ohayon,Thalassoma.pavo,1,8,0.5
8,1001,2024-06-05 00:00:00,2024,spring,bat.galim,out,1,macroalgal.beds,iolr.macroalgae.diverse,A,2,shallow,32.830811,34.960314,yes,no,13,25x6,150,Sarah.Ohayon,Diplodus.vulgaris,1,5,3
9,1002,2024-06-05 00:00:00,2024,spring,bat.galim,out,1,macroalgal.beds,iolr.macroalgae.diverse,B,1.5,shallow,32.830811,34.960314,yes,no,13,25x6,150,Sarah.Ohayon,Thalassoma.pavo,1,8,0
10,1002,2024-06-05 00:00:00,2024,spring,bat.galim,out,1,macroalgal.beds,iolr.macroalgae.diverse,B,1.5,shallow,32.830811,34.960314,yes,no,13,25x6,150,Sarah.Ohayon,Thalassoma.pavo,1,10,0
11,1002,2024-06-05 00:00:00,2024,spring,bat.galim,out,1,macroalgal.beds,iolr.macroalgae.diverse,B,1.5,shallow,32.830811,34.960314,yes,no,13,25x6,150,Sarah.Ohayon,Thalassoma.pavo,1,8,0
12,1003,2024-06-05 00:00:00,2024,spring,bat.galim,out,1,macroalgal.beds,iolr.macroalgae.diverse,C,1.5,shallow,32.830811,34.960314,yes,no,13,25x6,150,Sarah.Ohayon,Thalassoma.pavo,1,8,0
13,1003,2024-06-05 00:00:00,2024,spring,bat.galim,out,1,macroalgal.beds,iolr.macroalgae.diverse,C,1.5,shallow,32.830811,34.960314,yes,no,13,25x6,150,Sarah.Ohayon,Thalassoma.pavo,2,10,0
14,1003,2024-06-05 00:00:00,2024,spring,bat.galim,out,1,macroalgal.beds,iolr.macroalgae.diverse,C,1.5,shallow,32.830811,34.960314,yes,no,13,25x6,150,Sarah.Ohayon,Thalassoma.pavo,1,10,3
15,1004,2024-06-05 00:00:00,2024,spring,bat.galim,out,1,macroalgal.beds,iolr.macroalgae.diverse,D,1.5,shallow,32.830811,34.960314,yes,no,13,25x6,150,Sarah.Ohayon,Thalassoma.pavo,1,8,1
16,1004,2024-06-05 00:00:00,2024,spring,bat.galim,out,1,macroalgal.beds,iolr.macroalgae.diverse,D,1.5,shallow,32.830811,34.960314,yes,no,13,25x6,150,Sarah.Ohayon,Thalassoma.pavo,1,6,1
17,1004,2024-06-05 00:00:00,2024,spring,bat.galim,out,1,macroalgal.beds,iolr.macroalgae.diverse,D,1.5,shallow,32.830811,34.960314,yes,no,13,25x6,150,Sarah.Ohayon,Thalassoma.pavo,1,10,1
18,1004,2024-06-05 00:00:00,2024,spring,bat.galim,out,1,macroalgal.beds,iolr.macroalgae.diverse,D,1.5,shallow,32.830811,34.960314,yes,no,13,25x6,150,Sarah.Ohayon,Thalassoma.pavo,1,8,1
19,1004,2024-06-05 00:00:00,2024,spring,bat.galim,out,1,macroalgal.beds,iolr.macroalgae.diverse,D,1.5,shallow,32.830811,34.960314,yes,no,13,25x6,150,Sarah.Ohayon,Thalassoma.pavo,1,7,1
20,1004,2024-06-05 00:00:00,2024,spring,bat.galim,out,1,macroalgal.beds,iolr.macroalgae.diverse,D,1.5,shallow,32.830811,34.960314,yes,no,13,25x6,150,Sarah.Ohayon,Thalassoma.pavo,1,4,0
21,1004,2024-06-05 00:00:00,2024,spring,bat.galim,out,1,macroalgal.beds,iolr.macroalgae.diverse,D,1.5,shallow,32.830811,34.960314,yes,no,13,25x6,150,Sarah.Ohayon,Thalassoma.pavo,1,10,0
22,1004,2024-06-05 00:00:00,2024,spring,bat.galim,out,1,macroalgal.beds,iolr.macroalgae.diverse,D,1.5,shallow,32.830811,34.960314,yes,no,13,25x6,150,Sarah.Ohayon,Thalassoma.pavo,1,5,0
23,1004,2024-06-05 00:00:00,2024,spring,bat.galim,out,1,macroalgal.beds,iolr.macroalgae.diverse,D,1.5,shallow,32.830811,34.960314,yes,no,13,25x6,150,Sarah.Ohayon,Thalassoma.pavo,2,12,0
24,1004,2024-06-05 00:00:00,2024,spring,bat.galim,out,1,macroalgal.beds,iolr.macroalgae.diverse,D,1.5,shallow,32.830811,34.960314,yes,no,13,25x6,150,Sarah.Ohayon,Thalassoma.pavo,1,10,1
25,1004,2024-06-05 00:00:00,2024,spring,bat.galim,out,1,macroalgal.beds,iolr.macroalgae.diverse,D,1.5,shallow,32.830811,34.960314,yes,no,13,25x6,150,Sarah.Ohayon,Thalassoma.pavo,1,6,1
26,1005,2024-06-05 00:00:00,2024,spring,bat.galim,out,2,complex.rock,curch.complex,A,2.5,shallow,32.831628,34.963678,yes,no,13,25x6,150,Sarah.Ohayon,Siganus.rivulatus,20,12,2
27,1005,2024-06-05 00:00:00,2024,spring,bat.galim,out,2,complex.rock,curch.complex,A,2.5,shallow,32.831628,34.963678,yes,no,13,25x6,150,Sarah.Ohayon,Siganus.rivulatus,20,12,3
28,1005,2024-06-05 00:00:00,2024,spring,bat.galim,out,2,complex.rock,curch.complex,A,2.5,shallow,32.831628,34.963678,yes,no,13,25x6,150,Sarah.Ohayon,Siganus.rivulatus,10,15,2
29,1005,2024-06-05 00:00:00,2024,spring,bat.galim,out,2,complex.rock,curch.complex,A,2.5,shallow,32.831628,34.963678,yes,no,13,25x6,150,Sarah.Ohayon,Siganus.rivulatus,10,8,0
30,1005,2024-06-05 00:00:00,2024,spring,bat.galim,out,2,complex.rock,curch.complex,A,2.5,shallow,32.831628,34.963678,yes,no,13,25x6,150,Sarah.Ohayon,Siganus.rivulatus,20,12,3
31,1005,2024-06-05 00:00:00,2024,spring,bat.galim,out,2,complex.rock,curch.complex,A,2.5,shallow,32.831628,34.963678,yes,no,13,25x6,150,Sarah.Ohayon,Thalassoma.pavo,2,10,1
32,1005,2024-06-05 00:00:00,2024,spring,bat.galim,out,2,complex.rock,curch.complex,A,2.5,shallow,32.831628,34.963678,yes,no,13,25x6,150,Sarah.Ohayon,Thalassoma.pavo,1,8,1
33,1005,2024-06-05 00:00:00,2024,spring,bat.galim,out,2,complex.rock,curch.complex,A,2.5,shallow,32.831628,34.963678,yes,no,13,25x6,150,Sarah.Ohayon,Thalassoma.pavo,1,14,1
34,1005,2024-06-05 00:00:00,2024,spring,bat.galim,out,2,complex.rock,curch.complex,A,2.5,shallow,32.831628,34.963678,yes,no,13,25x6,150,Sarah.Ohayon,Thalassoma.pavo,1,10,0
35,1005,2024-06-05 00:00:00,2024,spring,bat.galim,out,2,complex.rock,curch.complex,A,2.5,shallow,32.831628,34.963678,yes,no,13,25x6,150,Sarah.Ohayon,Thalassoma.pavo,1,12,2
36,1005,2024-06-05 00:00:00,2024,spring,bat.galim,out,2,complex.rock,curch.complex,A,2.5,shallow,32.831628,34.963678,yes,no,13,25x6,150,Sarah.Ohayon,Thalassoma.pavo,1,14,0
37,1005,2024-06-05 00:00:00,2024,spring,bat.galim,out,2,complex.rock,curch.complex,A,2.5,shallow,32.831628,34.963678,yes,no,13,25x6,150,Sarah.Ohayon,Thalassoma.pavo,1,12,0
38,1005,2024-06-05 00:00:00,2024,spring,bat.galim,out,2,complex.rock,curch.complex,A,2.5,shallow,32.831628,34.963678,yes,no,13,25x6,150,Sarah.Ohayon,Diplodus.sargus,1,14,6
39,1005,2024-06-05 00:00:00,2024,spring,bat.galim,out,2,complex.rock,curch.complex,A,2.5,shallow,32.831628,34.963678,yes,no,13,25x6,150,Sarah.Ohayon,Diplodus.sargus,1,10,0
40,1005,2024-06-05 00:00:00,2024,spring,bat.galim,out,2,complex.rock,curch.complex,A,2.5,shallow,32.831628,34.963678,yes,no,13,25x6,150,Sarah.Ohayon,Diplodus.sargus,1,12,3
41,1005,2024-06-05 00:00:00,2024,spring,bat.galim,out,2,complex.rock,curch.complex,A,2.5,shallow,32.831628,34.963678,yes,no,13,25x6,150,Sarah.Ohayon,Diplodus.sargus,1,14,2
42,1005,2024-06-05 00:00:00,2024,spring,bat.galim,out,2,complex.rock,curch.complex,A,2.5,shallow,32.831628,34.963678,yes,no,13,25x6,150,Sarah.Ohayon,Diplodus.sargus,1,12,0
43,1005,2024-06-05 00:00:00,2024,spring,bat.galim,out,2,complex.rock,curch.complex,A,2.5,shallow,32.831628,34.963678,yes,no,13,25x6,150,Sarah.Ohayon,Diplodus.sargus,1,14,0
44,1005,2024-06-05 00:00:00,2024,spring,bat.galim,out,2,complex.rock,curch.complex,A,2.5,shallow,32.831628,34.963678,yes,no,13,25x6,150,Sarah.Ohayon,Diplodus.vulgaris,2,14,0
45,1005,2024-06-05 00:00:00,2024,spring,bat.galim,out,2,complex.rock,curch.complex,A,2.5,shallow,32.831628,34.963678,yes,no,13,25x6,150,Sarah.Ohayon,Diplodus.vulgaris,6,12,0
46,1005,2024-06-05 00:00:00,2024,spring,bat.galim,out,2,complex.rock,curch.complex,A,2.5,shallow,32.831628,34.963678,yes,no,13,25x6,150,Sarah.Ohayon,Diplodus.vulgaris,10,10,1
47,1005,2024-06-05 00:00:00,2024,spring,bat.galim,out,2,complex.rock,curch.complex,A,2.5,shallow,32.831628,34.963678,yes,no,13,25x6,150,Sarah.Ohayon,Pempheris.vanicolensis,5,10,1
48,1005,2024-06-05 00:00:00,2024,spring,bat.galim,out,2,complex.rock,curch.complex,A,2.5,shallow,32.831628,34.963678,yes,no,13,25x6,150,Sarah.Ohayon,Pempheris.vanicolensis,2,10,1
49,1005,2024-06-05 00:00:00,2024,spring,bat.galim,out,2,complex.rock,curch.complex,A,2.5,shallow,32.831628,34.963678,yes,no,13,25x6,150,Sarah.Ohayon,Pempheris.vanicolensis,4,12,1
50,1005,2024-06-05 00:00:00,2024,spring,bat.galim,out,2,complex.rock,curch.complex,A,2.5,shallow,32.831628,34.963678,yes,no,13,25x6,150,Sarah.Ohayon,Sargocentron.rubrum,1,10,0
51,1005,2024-06-05 00:00:00,2024,spring,bat.galim,out,2,complex.rock,curch.complex,A,2.5,shallow,32.831628,34.963678,yes,no,13,25x6,150,Sarah.Ohayon,Parupeneus.forsskali,1,14,1
52,1005,2024-06-05 00:00:00,2024,spring,bat.galim,out,2,complex.rock,curch.complex,A,2.5,shallow,32.831628,34.963678,yes,no,13,25x6,150,Sarah.Ohayon,Parupeneus.forsskali,2,14,2
53,1005,2024-06-05 00:00:00,2024,spring,bat.galim,out,2,complex.rock,curch.complex,A,2.5,shallow,32.831628,34.963678,yes,no,13,25x6,150,Sarah.Ohayon,Epinephelus.marginatus,1,14,0
54,1006,2024-06-05 00:00:00,2024,spring,bat.galim,out,2,complex.rock,curch.complex,B,3,shallow,32.831628,34.963678,yes,no,13,25x6,150,Sarah.Ohayon,Diplodus.vulgaris,2,12,0
55,1006,2024-06-05 00:00:00,2024,spring,bat.galim,out,2,complex.rock,curch.complex,B,3,shallow,32.831628,34.963678,yes,no,13,25x6,150,Sarah.Ohayon,Diplodus.vulgaris,1,10,1
56,1006,2024-06-05 00:00:00,2024,spring,bat.galim,out,2,complex.rock,curch.complex,B,3,shallow,32.831628,34.963678,yes,no,13,25x6,150,Sarah.Ohayon,Diplodus.vulgaris,1,12,2
57,1006,2024-06-05 00:00:00,2024,spring,bat.galim,out,2,complex.rock,curch.complex,B,3,shallow,32.831628,34.963678,yes,no,13,25x6,150,Sarah.Ohayon,Diplodus.vulgaris,2,10,0
58,1006,2024-06-05 00:00:00,2024,spring,bat.galim,out,2,complex.rock,curch.complex,B,3,shallow,32.831628,34.963678,yes,no,13,25x6,150,Sarah.Ohayon,Diplodus.vulgaris,1,8,1
59,1006,2024-06-05 00:00:00,2024,spring,bat.galim,out,2,complex.rock,curch.complex,B,3,shallow,32.831628,34.963678,yes,no,13,25x6,150,Sarah.Ohayon,Diplodus.sargus,2,12,0
60,1006,2024-06-05 00:00:00,2024,spring,bat.galim,out,2,complex.rock,curch.complex,B,3,shallow,32.831628,34.963678,yes,no,13,25x6,150,Sarah.Ohayon,Diplodus.sargus,3,14,1
61,1006,2024-06-05 00:00:00,2024,spring,bat.galim,out,2,complex.rock,curch.complex,B,3,shallow,32.831628,34.963678,yes,no,13,25x6,150,Sarah.Ohayon,Diplodus.sargus,5,12,2
62,1006,2024-06-05 00:00:00,2024,spring,bat.galim,out,2,complex.rock,curch.complex,B,3,shallow,32.831628,34.963678,yes,no,13,25x6,150,Sarah.Ohayon,Diplodus.sargus,2,12,2
63,1006,2024-06-05 00:00:00,2024,spring,bat.galim,out,2,complex.rock,curch.complex,B,3,shallow,32.831628,34.963678,yes,no,13,25x6,150,Sarah.Ohayon,Siganus.rivulatus,20,12,8
64,1006,2024-06-05 00:00:00,2024,spring,bat.galim,out,2,complex.rock,curch.complex,B,3,shallow,32.831628,34.963678,yes,no,13,25x6,150,Sarah.Ohayon,Siganus.rivulatus,10,14,2
65,1006,2024-06-05 00:00:00,2024,spring,bat.galim,out,2,complex.rock,curch.complex,B,3,shallow,32.831628,34.963678,yes,no,13,25x6,150,Sarah.Ohayon,Siganus.rivulatus,10,14,3
66,1006,2024-06-05 00:00:00,2024,spring,bat.galim,out,2,complex.rock,curch.complex,B,3,shallow,32.831628,34.963678,yes,no,13,25x6,150,Sarah.Ohayon,Thalassoma.pavo,1,12,1
67,1006,2024-06-05 00:00:00,2024,spring,bat.galim,out,2,complex.rock,curch.complex,B,3,shallow,32.831628,34.963678,yes,no,13,25x6,150,Sarah.Ohayon,Thalassoma.pavo,3,8,1
68,1006,2024-06-05 00:00:00,2024,spring,bat.galim,out,2,complex.rock,curch.complex,B,3,shallow,32.831628,34.963678,yes,no,13,25x6,150,Sarah.Ohayon,Thalassoma.pavo,1,6,1
69,1006,2024-06-05 00:00:00,2024,spring,bat.galim,out,2,complex.rock,curch.complex,B,3,shallow,32.831628,34.963678,yes,no,13,25x6,150,Sarah.Ohayon,Thalassoma.pavo,2,8,1
70,1006,2024-06-05 00:00:00,2024,spring,bat.galim,out,2,complex.rock,curch.complex,B,3,shallow,32.831628,34.963678,yes,no,13,25x6,150,Sarah.Ohayon,Thalassoma.pavo,3,8,2
71,1006,2024-06-05 00:00:00,2024,spring,bat.galim,out,2,complex.rock,curch.complex,B,3,shallow,32.831628,34.963678,yes,no,13,25x6,150,Sarah.Ohayon,Sargocentron.rubrum,2,14,0
72,1006,2024-06-05 00:00:00,2024,spring,bat.galim,out,2,complex.rock,curch.complex,B,3,shallow,32.831628,34.963678,yes,no,13,25x6,150,Sarah.Ohayon,Siganus.luridus,1,12,2
73,1007,2024-06-05 00:00:00,2024,spring,bat.galim,out,2,complex.rock,curch.complex,C,2.5,shallow,32.831628,34.963678,yes,no,13,25x6,150,Sarah.Ohayon,Oblada.melanura,50,12,2
74,1007,2024-06-05 00:00:00,2024,spring,bat.galim,out,2,complex.rock,curch.complex,C,2.5,shallow,32.831628,34.963678,yes,no,13,25x6,150,Sarah.Ohayon,Oblada.melanura,50,14,1
75,1007,2024-06-05 00:00:00,2024,spring,bat.galim,out,2,complex.rock,curch.complex,C,2.5,shallow,32.831628,34.963678,yes,no,13,25x6,150,Sarah.Ohayon,Oblada.melanura,10,15,2
76,1007,2024-06-05 00:00:00,2024,spring,bat.galim,out,2,complex.rock,curch.complex,C,2.5,shallow,32.831628,34.963678,yes,no,13,25x6,150,Sarah.Ohayon,Oblada.melanura,50,14,8
77,1007,2024-06-05 00:00:00,2024,spring,bat.galim,out,2,complex.rock,curch.complex,C,2.5,shallow,32.831628,34.963678,yes,no,13,25x6,150,Sarah.Ohayon,Oblada.melanura,50,12,8
78,1007,2024-06-05 00:00:00,2024,spring,bat.galim,out,2,complex.rock,curch.complex,C,2.5,shallow,32.831628,34.963678,yes,no,13,25x6,150,Sarah.Ohayon,Oblada.melanura,50,14,3
79,1007,2024-06-05 00:00:00,2024,spring,bat.galim,out,2,complex.rock,curch.complex,C,2.5,shallow,32.831628,34.963678,yes,no,13,25x6,150,Sarah.Ohayon,Oblada.melanura,20,16,3
80,1007,2024-06-05 00:00:00,2024,spring,bat.galim,out,2,complex.rock,curch.complex,C,2.5,shallow,32.831628,34.963678,yes,no,13,25x6,150,Sarah.Ohayon,Epinephelus.marginatus,1,14,0
81,1007,2024-06-05 00:00:00,2024,spring,bat.galim,out,2,complex.rock,curch.complex,C,2.5,shallow,32.831628,34.963678,yes,no,13,25x6,150,Sarah.Ohayon,Diplodus.vulgaris,1,12,1
82,1007,2024-06-05 00:00:00,2024,spring,bat.galim,out,2,complex.rock,curch.complex,C,2.5,shallow,32.831628,34.963678,yes,no,13,25x6,150,Sarah.Ohayon,Thalassoma.pavo,1,14,0
83,1007,2024-06-05 00:00:00,2024,spring,bat.galim,out,2,complex.rock,curch.complex,C,2.5,shallow,32.831628,34.963678,yes,no,13,25x6,150,Sarah.Ohayon,Thalassoma.pavo,1,12,0
84,1007,2024-06-05 00:00:00,2024,spring,bat.galim,out,2,complex.rock,curch.complex,C,2.5,shallow,32.831628,34.963678,yes,no,13,25x6,150,Sarah.Ohayon,Thalassoma.pavo,2,8,0
85,1007,2024-06-05 00:00:00,2024,spring,bat.galim,out,2,complex.rock,curch.complex,C,2.5,shallow,32.831628,34.963678,yes,no,13,25x6,150,Sarah.Ohayon,Thalassoma.pavo,3,14,0
86,1007,2024-06-05 00:00:00,2024,spring,bat.galim,out,2,complex.rock,curch.complex,C,2.5,shallow,32.831628,34.963678,yes,no,13,25x6,150,Sarah.Ohayon,Thalassoma.pavo,2,12,0
87,1007,2024-06-05 00:00:00,2024,spring,bat.galim,out,2,complex.rock,curch.complex,C,2.5,shallow,32.831628,34.963678,yes,no,13,25x6,150,Sarah.Ohayon,Siganus.rivulatus,20,12,3
88,1007,2024-06-05 00:00:00,2024,spring,bat.galim,out,2,complex.rock,curch.complex,C,2.5,shallow,32.831628,34.963678,yes,no,13,25x6,150,Sarah.Ohayon,Siganus.rivulatus,10,14,3
89,1007,2024-06-05 00:00:00,2024,spring,bat.galim,out,2,complex.rock,curch.complex,C,2.5,shallow,32.831628,34.963678,yes,no,13,25x6,150,Sarah.Ohayon,Siganus.rivulatus,10,15,3
90,1007,2024-06-05 00:00:00,2024,spring,bat.galim,out,2,complex.rock,curch.complex,C,2.5,shallow,32.831628,34.963678,yes,no,13,25x6,150,Sarah.Ohayon,Sargocentron.rubrum,2,15,1
91,1007,2024-06-05 00:00:00,2024,spring,bat.galim,out,2,complex.rock,curch.complex,C,2.5,shallow,32.831628,34.963678,yes,no,13,25x6,150,Sarah.Ohayon,Sargocentron.rubrum,2,14,1
92,1007,2024-06-05 00:00:00,2024,spring,bat.galim,out,2,complex.rock,curch.complex,C,2.5,shallow,32.831628,34.963678,yes,no,13,25x6,150,Sarah.Ohayon,Sargocentron.rubrum,1,14,1
93,1007,2024-06-05 00:00:00,2024,spring,bat.galim,out,2,complex.rock,curch.complex,C,2.5,shallow,32.831628,34.963678,yes,no,13,25x6,150,Sarah.Ohayon,Diplodus.vulgaris,1,14,5
94,1007,2024-06-05 00:00:00,2024,spring,bat.galim,out,2,complex.rock,curch.complex,C,2.5,shallow,32.831628,34.963678,yes,no,13,25x6,150,Sarah.Ohayon,Diplodus.vulgaris,2,15,1
95,1007,2024-06-05 00:00:00,2024,spring,bat.galim,out,2,complex.rock,curch.complex,C,2.5,shallow,32.831628,34.963678,yes,no,13,25x6,150,Sarah.Ohayon,Siganus.luridus,1,14,5
96,1007,2024-06-05 00:00:00,2024,spring,bat.galim,out,2,complex.rock,curch.complex,C,2.5,shallow,32.831628,34.963678,yes,no,13,25x6,150,Sarah.Ohayon,Sparus.aurata,1,20,0
97,1007,2024-06-05 00:00:00,2024,spring,bat.galim,out,2,complex.rock,curch.complex,C,2.5,shallow,32.831628,34.963678,yes,no,13,25x6,150,Sarah.Ohayon,Pempheris.vanicolensis,10,14,3
98,1007,2024-06-05 00:00:00,2024,spring,bat.galim,out,2,complex.rock,curch.complex,C,2.5,shallow,32.831628,34.963678,yes,no,13,25x6,150,Sarah.Ohayon,Pempheris.vanicolensis,10,12,2
99,1007,2024-06-05 00:00:00,2024,spring,bat.galim,out,2,complex.rock,curch.complex,C,2.5,shallow,32.831628,34.963678,yes,no,13,25x6,150,Sarah.Ohayon,Diplodus.sargus,10,14,2
100,1007,2024-06-05 00:00:00,2024,spring,bat.galim,out,2,complex.rock,curch.complex,C,2.5,shallow,32.831628,34.963678,yes,no,13,25x6,150,Sarah.Ohayon,Diplodus.sargus,5,15,3
101,1007,2024-06-05 00:00:00,2024,spring,bat.galim,out,2,complex.rock,curch.complex,C,2.5,shallow,32.831628,34.963678,yes,no,13,25x6,150,Sarah.Ohayon,Parupeneus.forsskali,1,17,2
102,1008,2024-06-06 00:00:00,2024,spring,bat.galim,out,3,complex.rock,papa.arches.complex,A,2.5,shallow,32.833734,34.96545,yes,no,22,25x6,150,Sarah.Ohayon,Epinephelus.marginatus,1,14,0
103,1008,2024-06-06 00:00:00,2024,spring,bat.galim,out,3,complex.rock,papa.arches.complex,A,2.5,shallow,32.833734,34.96545,yes,no,22,25x6,150,Sarah.Ohayon,Epinephelus.marginatus,1,12,0
104,1008,2024-06-06 00:00:00,2024,spring,bat.galim,out,3,complex.rock,papa.arches.complex,A,2.5,shallow,32.833734,34.96545,yes,no,22,25x6,150,Sarah.Ohayon,Thalassoma.pavo,1,8,1
105,1008,2024-06-06 00:00:00,2024,spring,bat.galim,out,3,complex.rock,papa.arches.complex,A,2.5,shallow,32.833734,34.96545,yes,no,22,25x6,150,Sarah.Ohayon,Thalassoma.pavo,1,12,1
106,1008,2024-06-06 00:00:00,2024,spring,bat.galim,out,3,complex.rock,papa.arches.complex,A,2.5,shallow,32.833734,34.96545,yes,no,22,25x6,150,Sarah.Ohayon,Thalassoma.pavo,1,14,1
107,1008,2024-06-06 00:00:00,2024,spring,bat.galim,out,3,complex.rock,papa.arches.complex,A,2.5,shallow,32.833734,34.96545,yes,no,22,25x6,150,Sarah.Ohayon,Thalassoma.pavo,1,6,1
108,1008,2024-06-06 00:00:00,2024,spring,bat.galim,out,3,complex.rock,papa.arches.complex,A,2.5,shallow,32.833734,34.96545,yes,no,22,25x6,150,Sarah.Ohayon,Thalassoma.pavo,1,12,0
109,1008,2024-06-06 00:00:00,2024,spring,bat.galim,out,3,complex.rock,papa.arches.complex,A,2.5,shallow,32.833734,34.96545,yes,no,22,25x6,150,Sarah.Ohayon,Thalassoma.pavo,2,8,3
110,1008,2024-06-06 00:00:00,2024,spring,bat.galim,out,3,complex.rock,papa.arches.complex,A,2.5,shallow,32.833734,34.96545,yes,no,22,25x6,150,Sarah.Ohayon,Thalassoma.pavo,1,10,2
111,1008,2024-06-06 00:00:00,2024,spring,bat.galim,out,3,complex.rock,papa.arches.complex,A,2.5,shallow,32.833734,34.96545,yes,no,22,25x6,150,Sarah.Ohayon,Thalassoma.pavo,2,8,3
112,1008,2024-06-06 00:00:00,2024,spring,bat.galim,out,3,complex.rock,papa.arches.complex,A,2.5,shallow,32.833734,34.96545,yes,no,22,25x6,150,Sarah.Ohayon,Diplodus.sargus,4,10,0
113,1008,2024-06-06 00:00:00,2024,spring,bat.galim,out,3,complex.rock,papa.arches.complex,A,2.5,shallow,32.833734,34.96545,yes,no,22,25x6,150,Sarah.Ohayon,Diplodus.sargus,2,12,0
114,1008,2024-06-06 00:00:00,2024,spring,bat.galim,out,3,complex.rock,papa.arches.complex,A,2.5,shallow,32.833734,34.96545,yes,no,22,25x6,150,Sarah.Ohayon,Diplodus.sargus,1,12,3
115,1008,2024-06-06 00:00:00,2024,spring,bat.galim,out,3,complex.rock,papa.arches.complex,A,2.5,shallow,32.833734,34.96545,yes,no,22,25x6,150,Sarah.Ohayon,Diplodus.sargus,1,14,1
116,1008,2024-06-06 00:00:00,2024,spring,bat.galim,out,3,complex.rock,papa.arches.complex,A,2.5,shallow,32.833734,34.96545,yes,no,22,25x6,150,Sarah.Ohayon,Diplodus.sargus,2,14,2
117,1008,2024-06-06 00:00:00,2024,spring,bat.galim,out,3,complex.rock,papa.arches.complex,A,2.5,shallow,32.833734,34.96545,yes,no,22,25x6,150,Sarah.Ohayon,Siganus.rivulatus,10,12,0
118,1008,2024-06-06 00:00:00,2024,spring,bat.galim,out,3,complex.rock,papa.arches.complex,A,2.5,shallow,32.833734,34.96545,yes,no,22,25x6,150,Sarah.Ohayon,Siganus.rivulatus,10,14,5
119,1008,2024-06-06 00:00:00,2024,spring,bat.galim,out,3,complex.rock,papa.arches.complex,A,2.5,shallow,32.833734,34.96545,yes,no,22,25x6,150,Sarah.Ohayon,Siganus.rivulatus,1,14,1
120,1008,2024-06-06 00:00:00,2024,spring,bat.galim,out,3,complex.rock,papa.arches.complex,A,2.5,shallow,32.833734,34.96545,yes,no,22,25x6,150,Sarah.Ohayon,Siganus.rivulatus,5,12,1
121,1008,2024-06-06 00:00:00,2024,spring,bat.galim,out,3,complex.rock,papa.arches.complex,A,2.5,shallow,32.833734,34.96545,yes,no,22,25x6,150,Sarah.Ohayon,Siganus.rivulatus,10,12,5
122,1008,2024-06-06 00:00:00,2024,spring,bat.galim,out,3,complex.rock,papa.arches.complex,A,2.5,shallow,32.833734,34.96545,yes,no,22,25x6,150,Sarah.Ohayon,Siganus.rivulatus,10,10,5
123,1008,2024-06-06 00:00:00,2024,spring,bat.galim,out,3,complex.rock,papa.arches.complex,A,2.5,shallow,32.833734,34.96545,yes,no,22,25x6,150,Sarah.Ohayon,Siganus.rivulatus,30,12,3
124,1008,2024-06-06 00:00:00,2024,spring,bat.galim,out,3,complex.rock,papa.arches.complex,A,2.5,shallow,32.833734,34.96545,yes,no,22,25x6,150,Sarah.Ohayon,Siganus.rivulatus,2,16,1
125,1008,2024-06-06 00:00:00,2024,spring,bat.galim,out,3,complex.rock,papa.arches.complex,A,2.5,shallow,32.833734,34.96545,yes,no,22,25x6,150,Sarah.Ohayon,Siganus.rivulatus,10,14,1
126,1008,2024-06-06 00:00:00,2024,spring,bat.galim,out,3,complex.rock,papa.arches.complex,A,2.5,shallow,32.833734,34.96545,yes,no,22,25x6,150,Sarah.Ohayon,Siganus.rivulatus,10,12,0
127,1008,2024-06-06 00:00:00,2024,spring,bat.galim,out,3,complex.rock,papa.arches.complex,A,2.5,shallow,32.833734,34.96545,yes,no,22,25x6,150,Sarah.Ohayon,Siganus.rivulatus,10,8,3
128,1008,2024-06-06 00:00:00,2024,spring,bat.galim,out,3,complex.rock,papa.arches.complex,A,2.5,shallow,32.833734,34.96545,yes,no,22,25x6,150,Sarah.Ohayon,Siganus.rivulatus,10,12,3
129,1008,2024-06-06 00:00:00,2024,spring,bat.galim,out,3,complex.rock,papa.arches.complex,A,2.5,shallow,32.833734,34.96545,yes,no,22,25x6,150,Sarah.Ohayon,Siganus.rivulatus,10,10,2
130,1008,2024-06-06 00:00:00,2024,spring,bat.galim,out,3,complex.rock,papa.arches.complex,A,2.5,shallow,32.833734,34.96545,yes,no,22,25x6,150,Sarah.Ohayon,Siganus.rivulatus,30,12,8
131,1008,2024-06-06 00:00:00,2024,spring,bat.galim,out,3,complex.rock,papa.arches.complex,A,2.5,shallow,32.833734,34.96545,yes,no,22,25x6,150,Sarah.Ohayon,Siganus.luridus,1,14,2
132,1008,2024-06-06 00:00:00,2024,spring,bat.galim,out,3,complex.rock,papa.arches.complex,A,2.5,shallow,32.833734,34.96545,yes,no,22,25x6,150,Sarah.Ohayon,Mycteroperca.rubra,1,14,1
133,1009,2024-06-06 00:00:00,2024,spring,bat.galim,out,3,complex.rock,papa.arches.complex,B,2.3,shallow,32.833734,34.96545,yes,no,22,25x6,150,Sarah.Ohayon,Diplodus.sargus,10,14,3
134,1009,2024-06-06 00:00:00,2024,spring,bat.galim,out,3,complex.rock,papa.arches.complex,B,2.3,shallow,32.833734,34.96545,yes,no,22,25x6,150,Sarah.Ohayon,Diplodus.sargus,10,12,2
135,1009,2024-06-06 00:00:00,2024,spring,bat.galim,out,3,complex.rock,papa.arches.complex,B,2.3,shallow,32.833734,34.96545,yes,no,22,25x6,150,Sarah.Ohayon,Diplodus.sargus,5,14,5
136,1009,2024-06-06 00:00:00,2024,spring,bat.galim,out,3,complex.rock,papa.arches.complex,B,2.3,shallow,32.833734,34.96545,yes,no,22,25x6,150,Sarah.Ohayon,Diplodus.sargus,20,15,4
137,1009,2024-06-06 00:00:00,2024,spring,bat.galim,out,3,complex.rock,papa.arches.complex,B,2.3,shallow,32.833734,34.96545,yes,no,22,25x6,150,Sarah.Ohayon,Diplodus.sargus,3,16,3
138,1009,2024-06-06 00:00:00,2024,spring,bat.galim,out,3,complex.rock,papa.arches.complex,B,2.3,shallow,32.833734,34.96545,yes,no,22,25x6,150,Sarah.Ohayon,Thalassoma.pavo,3,8,2
139,1009,2024-06-06 00:00:00,2024,spring,bat.galim,out,3,complex.rock,papa.arches.complex,B,2.3,shallow,32.833734,34.96545,yes,no,22,25x6,150,Sarah.Ohayon,Thalassoma.pavo,1,14,2
140,1009,2024-06-06 00:00:00,2024,spring,bat.galim,out,3,complex.rock,papa.arches.complex,B,2.3,shallow,32.833734,34.96545,yes,no,22,25x6,150,Sarah.Ohayon,Thalassoma.pavo,3,8,3
141,1009,2024-06-06 00:00:00,2024,spring,bat.galim,out,3,complex.rock,papa.arches.complex,B,2.3,shallow,32.833734,34.96545,yes,no,22,25x6,150,Sarah.Ohayon,Thalassoma.pavo,1,8,0
142,1009,2024-06-06 00:00:00,2024,spring,bat.galim,out,3,complex.rock,papa.arches.complex,B,2.3,shallow,32.833734,34.96545,yes,no,22,25x6,150,Sarah.Ohayon,Thalassoma.pavo,1,7,9
143,1009,2024-06-06 00:00:00,2024,spring,bat.galim,out,3,complex.rock,papa.arches.complex,B,2.3,shallow,32.833734,34.96545,yes,no,22,25x6,150,Sarah.Ohayon,Thalassoma.pavo,1,6,0
144,1009,2024-06-06 00:00:00,2024,spring,bat.galim,out,3,complex.rock,papa.arches.complex,B,2.3,shallow,32.833734,34.96545,yes,no,22,25x6,150,Sarah.Ohayon,Siganus.rivulatus,10,10,0
145,1009,2024-06-06 00:00:00,2024,spring,bat.galim,out,3,complex.rock,papa.arches.complex,B,2.3,shallow,32.833734,34.96545,yes,no,22,25x6,150,Sarah.Ohayon,Siganus.rivulatus,10,12,0
146,1009,2024-06-06 00:00:00,2024,spring,bat.galim,out,3,complex.rock,papa.arches.complex,B,2.3,shallow,32.833734,34.96545,yes,no,22,25x6,150,Sarah.Ohayon,Siganus.rivulatus,10,12,0
147,1009,2024-06-06 00:00:00,2024,spring,bat.galim,out,3,complex.rock,papa.arches.complex,B,2.3,shallow,32.833734,34.96545,yes,no,22,25x6,150,Sarah.Ohayon,Siganus.luridus,1,10,0
148,1009,2024-06-06 00:00:00,2024,spring,bat.galim,out,3,complex.rock,papa.arches.complex,B,2.3,shallow,32.833734,34.96545,yes,no,22,25x6,150,Sarah.Ohayon,Sargocentron.rubrum,2,10,0.5
149,1010,2024-06-06 00:00:00,2024,spring,bat.galim,out,3,complex.rock,papa.arches.complex,C,2.5,shallow,32.833734,34.96545,yes,no,22,25x6,150,Sarah.Ohayon,Pempheris.vanicolensis,1,10,0
150,1010,2024-06-06 00:00:00,2024,spring,bat.galim,out,3,complex.rock,papa.arches.complex,C,2.5,shallow,32.833734,34.96545,yes,no,22,25x6,150,Sarah.Ohayon,Pempheris.vanicolensis,3,10,0
151,1010,2024-06-06 00:00:00,2024,spring,bat.galim,out,3,complex.rock,papa.arches.complex,C,2.5,shallow,32.833734,34.96545,yes,no,22,25x6,150,Sarah.Ohayon,Diplodus.sargus,5,12,3
152,1010,2024-06-06 00:00:00,2024,spring,bat.galim,out,3,complex.rock,papa.arches.complex,C,2.5,shallow,32.833734,34.96545,yes,no,22,25x6,150,Sarah.Ohayon,Diplodus.sargus,5,10,2
153,1010,2024-06-06 00:00:00,2024,spring,bat.galim,out,3,complex.rock,papa.arches.complex,C,2.5,shallow,32.833734,34.96545,yes,no,22,25x6,150,Sarah.Ohayon,Diplodus.sargus,5,14,3
154,1010,2024-06-06 00:00:00,2024,spring,bat.galim,out,3,complex.rock,papa.arches.complex,C,2.5,shallow,32.833734,34.96545,yes,no,22,25x6,150,Sarah.Ohayon,Diplodus.sargus,4,12,0
155,1010,2024-06-06 00:00:00,2024,spring,bat.galim,out,3,complex.rock,papa.arches.complex,C,2.5,shallow,32.833734,34.96545,yes,no,22,25x6,150,Sarah.Ohayon,Diplodus.sargus,1,10,0
156,1010,2024-06-06 00:00:00,2024,spring,bat.galim,out,3,complex.rock,papa.arches.complex,C,2.5,shallow,32.833734,34.96545,yes,no,22,25x6,150,Sarah.Ohayon,Diplodus.sargus,1,12,0
157,1010,2024-06-06 00:00:00,2024,spring,bat.galim,out,3,complex.rock,papa.arches.complex,C,2.5,shallow,32.833734,34.96545,yes,no,22,25x6,150,Sarah.Ohayon,Diplodus.sargus,4,12,0
158,1010,2024-06-06 00:00:00,2024,spring,bat.galim,out,3,complex.rock,papa.arches.complex,C,2.5,shallow,32.833734,34.96545,yes,no,22,25x6,150,Sarah.Ohayon,Diplodus.sargus,4,10,0
159,1010,2024-06-06 00:00:00,2024,spring,bat.galim,out,3,complex.rock,papa.arches.complex,C,2.5,shallow,32.833734,34.96545,yes,no,22,25x6,150,Sarah.Ohayon,Diplodus.sargus,10,8,0
160,1010,2024-06-06 00:00:00,2024,spring,bat.galim,out,3,complex.rock,papa.arches.complex,C,2.5,shallow,32.833734,34.96545,yes,no,22,25x6,150,Sarah.Ohayon,Siganus.rivulatus,10,8,3
161,1010,2024-06-06 00:00:00,2024,spring,bat.galim,out,3,complex.rock,papa.arches.complex,C,2.5,shallow,32.833734,34.96545,yes,no,22,25x6,150,Sarah.Ohayon,Siganus.rivulatus,10,7,3
162,1010,2024-06-06 00:00:00,2024,spring,bat.galim,out,3,complex.rock,papa.arches.complex,C,2.5,shallow,32.833734,34.96545,yes,no,22,25x6,150,Sarah.Ohayon,Siganus.rivulatus,10,10,1
163,1010,2024-06-06 00:00:00,2024,spring,bat.galim,out,3,complex.rock,papa.arches.complex,C,2.5,shallow,32.833734,34.96545,yes,no,22,25x6,150,Sarah.Ohayon,Siganus.rivulatus,10,12,1
164,1010,2024-06-06 00:00:00,2024,spring,bat.galim,out,3,complex.rock,papa.arches.complex,C,2.5,shallow,32.833734,34.96545,yes,no,22,25x6,150,Sarah.Ohayon,Thalassoma.pavo,1,7,0
165,1010,2024-06-06 00:00:00,2024,spring,bat.galim,out,3,complex.rock,papa.arches.complex,C,2.5,shallow,32.833734,34.96545,yes,no,22,25x6,150,Sarah.Ohayon,Thalassoma.pavo,1,10,0
166,1010,2024-06-06 00:00:00,2024,spring,bat.galim,out,3,complex.rock,papa.arches.complex,C,2.5,shallow,32.833734,34.96545,yes,no,22,25x6,150,Sarah.Ohayon,Thalassoma.pavo,2,12,0
167,1010,2024-06-06 00:00:00,2024,spring,bat.galim,out,3,complex.rock,papa.arches.complex,C,2.5,shallow,32.833734,34.96545,yes,no,22,25x6,150,Sarah.Ohayon,Thalassoma.pavo,4,8,4
168,1010,2024-06-06 00:00:00,2024,spring,bat.galim,out,3,complex.rock,papa.arches.complex,C,2.5,shallow,32.833734,34.96545,yes,no,22,25x6,150,Sarah.Ohayon,Thalassoma.pavo,4,10,4
169,1010,2024-06-06 00:00:00,2024,spring,bat.galim,out,3,complex.rock,papa.arches.complex,C,2.5,shallow,32.833734,34.96545,yes,no,22,25x6,150,Sarah.Ohayon,Thalassoma.pavo,3,12,3
170,1010,2024-06-06 00:00:00,2024,spring,bat.galim,out,3,complex.rock,papa.arches.complex,C,2.5,shallow,32.833734,34.96545,yes,no,22,25x6,150,Sarah.Ohayon,Thalassoma.pavo,3,10,2
171,1010,2024-06-06 00:00:00,2024,spring,bat.galim,out,3,complex.rock,papa.arches.complex,C,2.5,shallow,32.833734,34.96545,yes,no,22,25x6,150,Sarah.Ohayon,Thalassoma.pavo,1,12,2
172,1010,2024-06-06 00:00:00,2024,spring,bat.galim,out,3,complex.rock,papa.arches.complex,C,2.5,shallow,32.833734,34.96545,yes,no,22,25x6,150,Sarah.Ohayon,Thalassoma.pavo,2,8,2
173,1010,2024-06-06 00:00:00,2024,spring,bat.galim,out,3,complex.rock,papa.arches.complex,C,2.5,shallow,32.833734,34.96545,yes,no,22,25x6,150,Sarah.Ohayon,Diplodus.sargus,1,15,0
174,1010,2024-06-06 00:00:00,2024,spring,bat.galim,out,3,complex.rock,papa.arches.complex,C,2.5,shallow,32.833734,34.96545,yes,no,22,25x6,150,Sarah.Ohayon,Diplodus.sargus,3,12,0
175,1010,2024-06-06 00:00:00,2024,spring,bat.galim,out,3,complex.rock,papa.arches.complex,C,2.5,shallow,32.833734,34.96545,yes,no,22,25x6,150,Sarah.Ohayon,Diplodus.sargus,2,10,0
176,1010,2024-06-06 00:00:00,2024,spring,bat.galim,out,3,complex.rock,papa.arches.complex,C,2.5,shallow,32.833734,34.96545,yes,no,22,25x6,150,Sarah.Ohayon,Diplodus.sargus,1,12,0
177,1010,2024-06-06 00:00:00,2024,spring,bat.galim,out,3,complex.rock,papa.arches.complex,C,2.5,shallow,32.833734,34.96545,yes,no,22,25x6,150,Sarah.Ohayon,Diplodus.sargus,1,14,0
178,1010,2024-06-06 00:00:00,2024,spring,bat.galim,out,3,complex.rock,papa.arches.complex,C,2.5,shallow,32.833734,34.96545,yes,no,22,25x6,150,Sarah.Ohayon,Diplodus.sargus,3,12,3
179,1010,2024-06-06 00:00:00,2024,spring,bat.galim,out,3,complex.rock,papa.arches.complex,C,2.5,shallow,32.833734,34.96545,yes,no,22,25x6,150,Sarah.Ohayon,Diplodus.sargus,10,14,6
180,1011,2024-06-06 00:00:00,2024,spring,bat.galim,out,4,macroalgal.beds,surfers.bay.macroalgae,A,2.5,shallow,32.834016,34.967899,yes,no,22,25x6,150,Sarah.Ohayon,Thalassoma.pavo,1,6,0
181,1011,2024-06-06 00:00:00,2024,spring,bat.galim,out,4,macroalgal.beds,surfers.bay.macroalgae,A,2.5,shallow,32.834016,34.967899,yes,no,22,25x6,150,Sarah.Ohayon,Thalassoma.pavo,1,8,0
182,1011,2024-06-06 00:00:00,2024,spring,bat.galim,out,4,macroalgal.beds,surfers.bay.macroalgae,A,2.5,shallow,32.834016,34.967899,yes,no,22,25x6,150,Sarah.Ohayon,Thalassoma.pavo,1,7,0.5
183,1011,2024-06-06 00:00:00,2024,spring,bat.galim,out,4,macroalgal.beds,surfers.bay.macroalgae,A,2.5,shallow,32.834016,34.967899,yes,no,22,25x6,150,Sarah.Ohayon,Thalassoma.pavo,1,8,1
184,1011,2024-06-06 00:00:00,2024,spring,bat.galim,out,4,macroalgal.beds,surfers.bay.macroalgae,A,2.5,shallow,32.834016,34.967899,yes,no,22,25x6,150,Sarah.Ohayon,Thalassoma.pavo,1,10,2
185,1011,2024-06-06 00:00:00,2024,spring,bat.galim,out,4,macroalgal.beds,surfers.bay.macroalgae,A,2.5,shallow,32.834016,34.967899,yes,no,22,25x6,150,Sarah.Ohayon,Thalassoma.pavo,1,12,2
186,1011,2024-06-06 00:00:00,2024,spring,bat.galim,out,4,macroalgal.beds,surfers.bay.macroalgae,A,2.5,shallow,32.834016,34.967899,yes,no,22,25x6,150,Sarah.Ohayon,Thalassoma.pavo,1,7,0
187,1012,2024-06-06 00:00:00,2024,spring,bat.galim,out,4,macroalgal.beds,surfers.bay.macroalgae,B,2.5,shallow,32.834016,34.967899,yes,no,22,25x6,150,Sarah.Ohayon,Thalassoma.pavo,1,8,3
188,1012,2024-06-06 00:00:00,2024,spring,bat.galim,out,4,macroalgal.beds,surfers.bay.macroalgae,B,2.5,shallow,32.834016,34.967899,yes,no,22,25x6,150,Sarah.Ohayon,Thalassoma.pavo,1,10,3
189,1012,2024-06-06 00:00:00,2024,spring,bat.galim,out,4,macroalgal.beds,surfers.bay.macroalgae,B,2.5,shallow,32.834016,34.967899,yes,no,22,25x6,150,Sarah.Ohayon,Thalassoma.pavo,1,10,2
190,1012,2024-06-06 00:00:00,2024,spring,bat.galim,out,4,macroalgal.beds,surfers.bay.macroalgae,B,2.5,shallow,32.834016,34.967899,yes,no,22,25x6,150,Sarah.Ohayon,Thalassoma.pavo,1,8,2
191,1012,2024-06-06 00:00:00,2024,spring,bat.galim,out,4,macroalgal.beds,surfers.bay.macroalgae,B,2.5,shallow,32.834016,34.967899,yes,no,22,25x6,150,Sarah.Ohayon,Thalassoma.pavo,1,12,2
192,1012,2024-06-06 00:00:00,2024,spring,bat.galim,out,4,macroalgal.beds,surfers.bay.macroalgae,B,2.5,shallow,32.834016,34.967899,yes,no,22,25x6,150,Sarah.Ohayon,Thalassoma.pavo,1,8,2
193,1012,2024-06-06 00:00:00,2024,spring,bat.galim,out,4,macroalgal.beds,surfers.bay.macroalgae,B,2.5,shallow,32.834016,34.967899,yes,no,22,25x6,150,Sarah.Ohayon,Thalassoma.pavo,1,12,3
194,1013,2024-06-06 00:00:00,2024,spring,bat.galim,out,4,macroalgal.beds,surfers.bay.macroalgae,C,2.5,shallow,32.834016,34.967899,yes,no,22,25x6,150,Sarah.Ohayon,Thalassoma.pavo,2,6,0
195,1013,2024-06-06 00:00:00,2024,spring,bat.galim,out,4,macroalgal.beds,surfers.bay.macroalgae,C,2.5,shallow,32.834016,34.967899,yes,no,22,25x6,150,Sarah.Ohayon,Thalassoma.pavo,1,8,0
196,1013,2024-06-06 00:00:00,2024,spring,bat.galim,out,4,macroalgal.beds,surfers.bay.macroalgae,C,2.5,shallow,32.834016,34.967899,yes,no,22,25x6,150,Sarah.Ohayon,Thalassoma.pavo,1,10,1
197,1013,2024-06-06 00:00:00,2024,spring,bat.galim,out,4,macroalgal.beds,surfers.bay.macroalgae,C,2.5,shallow,32.834016,34.967899,yes,no,22,25x6,150,Sarah.Ohayon,Thalassoma.pavo,1,12,1
198,1013,2024-06-06 00:00:00,2024,spring,bat.galim,out,4,macroalgal.beds,surfers.bay.macroalgae,C,2.5,shallow,32.834016,34.967899,yes,no,22,25x6,150,Sarah.Ohayon,Thalassoma.pavo,1,12,1
199,1013,2024-06-06 00:00:00,2024,spring,bat.galim,out,4,macroalgal.beds,surfers.bay.macroalgae,C,2.5,shallow,32.834016,34.967899,yes,no,22,25x6,150,Sarah.Ohayon,Thalassoma.pavo,1,12,0
200,1013,2024-06-06 00:00:00,2024,spring,bat.galim,out,4,macroalgal.beds,surfers.bay.macroalgae,C,2.5,shallow,32.834016,34.967899,yes,no,22,25x6,150,Sarah.Ohayon,Thalassoma.pavo,2,5,0
201,1013,2024-06-06 00:00:00,2024,spring,bat.galim,out,4,macroalgal.beds,surfers.bay.macroalgae,C,2.5,shallow,32.834016,34.967899,yes,no,22,25x6,150,Sarah.Ohayon,Thalassoma.pavo,2,6,0
202,1013,2024-06-06 00:00:00,2024,spring,bat.galim,out,4,macroalgal.beds,surfers.bay.macroalgae,C,2.5,shallow,32.834016,34.967899,yes,no,22,25x6,150,Sarah.Ohayon,Thalassoma.pavo,2,8,0
203,1013,2024-06-06 00:00:00,2024,spring,bat.galim,out,4,macroalgal.beds,surfers.bay.macroalgae,C,2.5,shallow,32.834016,34.967899,yes,no,22,25x6,150,Sarah.Ohayon,Thalassoma.pavo,2,10,0
204,1013,2024-06-06 00:00:00,2024,spring,bat.galim,out,4,macroalgal.beds,surfers.bay.macroalgae,C,2.5,shallow,32.834016,34.967899,yes,no,22,25x6,150,Sarah.Ohayon,Thalassoma.pavo,1,3,0
205,1013,2024-06-06 00:00:00,2024,spring,bat.galim,out,4,macroalgal.beds,surfers.bay.macroalgae,C,2.5,shallow,32.834016,34.967899,yes,no,22,25x6,150,Sarah.Ohayon,Siganus.rivulatus,1,10,0
206,1014,2024-06-06 00:00:00,2024,spring,bat.galim,out,5,macroalgal.beds,promenade.macroalgae,A,2,shallow,32.833754,34.973627,yes,no,8.5,25x6,150,Sarah.Ohayon,Thalassoma.pavo,1,5,0.5
207,1014,2024-06-06 00:00:00,2024,spring,bat.galim,out,5,macroalgal.beds,promenade.macroalgae,A,2,shallow,32.833754,34.973627,yes,no,8.5,25x6,150,Sarah.Ohayon,Thalassoma.pavo,1,6,0.5
208,1014,2024-06-06 00:00:00,2024,spring,bat.galim,out,5,macroalgal.beds,promenade.macroalgae,A,2,shallow,32.833754,34.973627,yes,no,8.5,25x6,150,Sarah.Ohayon,Thalassoma.pavo,1,10,0.5
209,1014,2024-06-06 00:00:00,2024,spring,bat.galim,out,5,macroalgal.beds,promenade.macroalgae,A,2,shallow,32.833754,34.973627,yes,no,8.5,25x6,150,Sarah.Ohayon,Thalassoma.pavo,1,12,0
210,1014,2024-06-06 00:00:00,2024,spring,bat.galim,out,5,macroalgal.beds,promenade.macroalgae,A,2,shallow,32.833754,34.973627,yes,no,8.5,25x6,150,Sarah.Ohayon,Thalassoma.pavo,1,10,0
211,1014,2024-06-06 00:00:00,2024,spring,bat.galim,out,5,macroalgal.beds,promenade.macroalgae,A,2,shallow,32.833754,34.973627,yes,no,8.5,25x6,150,Sarah.Ohayon,Thalassoma.pavo,2,6,1
212,1014,2024-06-06 00:00:00,2024,spring,bat.galim,out,5,macroalgal.beds,promenade.macroalgae,A,2,shallow,32.833754,34.973627,yes,no,8.5,25x6,150,Sarah.Ohayon,Thalassoma.pavo,1,10,2
213,1014,2024-06-06 00:00:00,2024,spring,bat.galim,out,5,macroalgal.beds,promenade.macroalgae,A,2,shallow,32.833754,34.973627,yes,no,8.5,25x6,150,Sarah.Ohayon,Thalassoma.pavo,1,12,2
214,1014,2024-06-06 00:00:00,2024,spring,bat.galim,out,5,macroalgal.beds,promenade.macroalgae,A,2,shallow,32.833754,34.973627,yes,no,8.5,25x6,150,Sarah.Ohayon,Thalassoma.pavo,4,10,3
215,1014,2024-06-06 00:00:00,2024,spring,bat.galim,out,5,macroalgal.beds,promenade.macroalgae,A,2,shallow,32.833754,34.973627,yes,no,8.5,25x6,150,Sarah.Ohayon,Thalassoma.pavo,1,12,1
216,1014,2024-06-06 00:00:00,2024,spring,bat.galim,out,5,macroalgal.beds,promenade.macroalgae,A,2,shallow,32.833754,34.973627,yes,no,8.5,25x6,150,Sarah.Ohayon,Thalassoma.pavo,1,10,1
217,1014,2024-06-06 00:00:00,2024,spring,bat.galim,out,5,macroalgal.beds,promenade.macroalgae,A,2,shallow,32.833754,34.973627,yes,no,8.5,25x6,150,Sarah.Ohayon,Siganus.rivulatus,1,8,0.5
218,1015,2024-06-06 00:00:00,2024,spring,bat.galim,out,5,macroalgal.beds,promenade.macroalgae,B,2,shallow,32.833754,34.973627,yes,no,8.5,25x6,150,Sarah.Ohayon,Thalassoma.pavo,1,8,0
219,1015,2024-06-06 00:00:00,2024,spring,bat.galim,out,5,macroalgal.beds,promenade.macroalgae,B,2,shallow,32.833754,34.973627,yes,no,8.5,25x6,150,Sarah.Ohayon,Thalassoma.pavo,1,10,0.5
220,1015,2024-06-06 00:00:00,2024,spring,bat.galim,out,5,macroalgal.beds,promenade.macroalgae,B,2,shallow,32.833754,34.973627,yes,no,8.5,25x6,150,Sarah.Ohayon,Pagrus.auriga,1,7,0
221,1016,2024-06-06 00:00:00,2024,spring,bat.galim,out,5,macroalgal.beds,promenade.macroalgae,C,2,shallow,32.833754,34.973627,yes,no,8.5,25x6,150,Sarah.Ohayon,no.fish,0,0,0
222,1017,2024-06-06 00:00:00,2024,spring,bat.galim,out,6,complex.rock,promenade.complex,A,3,shallow,32.834911,34.973934,yes,no,8.5,25x6,150,Sarah.Ohayon,Siganus.rivulatus,8,12,5
223,1017,2024-06-06 00:00:00,2024,spring,bat.galim,out,6,complex.rock,promenade.complex,A,3,shallow,32.834911,34.973934,yes,no,8.5,25x6,150,Sarah.Ohayon,Siganus.rivulatus,15,12,3
224,1017,2024-06-06 00:00:00,2024,spring,bat.galim,out,6,complex.rock,promenade.complex,A,3,shallow,32.834911,34.973934,yes,no,8.5,25x6,150,Sarah.Ohayon,Siganus.rivulatus,3,14,3
225,1017,2024-06-06 00:00:00,2024,spring,bat.galim,out,6,complex.rock,promenade.complex,A,3,shallow,32.834911,34.973934,yes,no,8.5,25x6,150,Sarah.Ohayon,Thalassoma.pavo,1,4,1
226,1017,2024-06-06 00:00:00,2024,spring,bat.galim,out,6,complex.rock,promenade.complex,A,3,shallow,32.834911,34.973934,yes,no,8.5,25x6,150,Sarah.Ohayon,Thalassoma.pavo,1,6,1
227,1017,2024-06-06 00:00:00,2024,spring,bat.galim,out,6,complex.rock,promenade.complex,A,3,shallow,32.834911,34.973934,yes,no,8.5,25x6,150,Sarah.Ohayon,Thalassoma.pavo,1,8,1
228,1017,2024-06-06 00:00:00,2024,spring,bat.galim,out,6,complex.rock,promenade.complex,A,3,shallow,32.834911,34.973934,yes,no,8.5,25x6,150,Sarah.Ohayon,Thalassoma.pavo,1,6,2
229,1017,2024-06-06 00:00:00,2024,spring,bat.galim,out,6,complex.rock,promenade.complex,A,3,shallow,32.834911,34.973934,yes,no,8.5,25x6,150,Sarah.Ohayon,Thalassoma.pavo,1,12,0
230,1017,2024-06-06 00:00:00,2024,spring,bat.galim,out,6,complex.rock,promenade.complex,A,3,shallow,32.834911,34.973934,yes,no,8.5,25x6,150,Sarah.Ohayon,Thalassoma.pavo,2,10,0
231,1017,2024-06-06 00:00:00,2024,spring,bat.galim,out,6,complex.rock,promenade.complex,A,3,shallow,32.834911,34.973934,yes,no,8.5,25x6,150,Sarah.Ohayon,Epinephelus.marginatus,1,12,1
232,1017,2024-06-06 00:00:00,2024,spring,bat.galim,out,6,complex.rock,promenade.complex,A,3,shallow,32.834911,34.973934,yes,no,8.5,25x6,150,Sarah.Ohayon,Mycteroperca.rubra,1,14,0
233,1017,2024-06-06 00:00:00,2024,spring,bat.galim,out,6,complex.rock,promenade.complex,A,3,shallow,32.834911,34.973934,yes,no,8.5,25x6,150,Sarah.Ohayon,Parupeneus.forsskali,1,17,3
234,1018,2024-06-06 00:00:00,2024,spring,bat.galim,out,6,complex.rock,promenade.complex,B,2,shallow,32.834911,34.973934,yes,no,8.5,25x6,150,Sarah.Ohayon,Thalassoma.pavo,1,10,0
235,1018,2024-06-06 00:00:00,2024,spring,bat.galim,out,6,complex.rock,promenade.complex,B,2,shallow,32.834911,34.973934,yes,no,8.5,25x6,150,Sarah.Ohayon,Thalassoma.pavo,4,8,0
236,1018,2024-06-06 00:00:00,2024,spring,bat.galim,out,6,complex.rock,promenade.complex,B,2,shallow,32.834911,34.973934,yes,no,8.5,25x6,150,Sarah.Ohayon,Thalassoma.pavo,3,12,0
237,1018,2024-06-06 00:00:00,2024,spring,bat.galim,out,6,complex.rock,promenade.complex,B,2,shallow,32.834911,34.973934,yes,no,8.5,25x6,150,Sarah.Ohayon,Thalassoma.pavo,1,6,0
238,1018,2024-06-06 00:00:00,2024,spring,bat.galim,out,6,complex.rock,promenade.complex,B,2,shallow,32.834911,34.973934,yes,no,8.5,25x6,150,Sarah.Ohayon,Epinephelus.marginatus,1,16,0
239,1018,2024-06-06 00:00:00,2024,spring,bat.galim,out,6,complex.rock,promenade.complex,B,2,shallow,32.834911,34.973934,yes,no,8.5,25x6,150,Sarah.Ohayon,Parupeneus.forsskali,1,16,3
240,1018,2024-06-06 00:00:00,2024,spring,bat.galim,out,6,complex.rock,promenade.complex,B,2,shallow,32.834911,34.973934,yes,no,8.5,25x6,150,Sarah.Ohayon,Diplodus.sargus,1,16,0
241,1018,2024-06-06 00:00:00,2024,spring,bat.galim,out,6,complex.rock,promenade.complex,B,2,shallow,32.834911,34.973934,yes,no,8.5,25x6,150,Sarah.Ohayon,Diplodus.sargus,4,14,0
242,1019,2024-12-09 00:00:00,2024,fall,bat.galim,out,1,macroalgal.beds,iolr.macroalgae.diverse,A,1.8,shallow,32.830811,34.960314,yes,no,13,25x6,150,Sarah.Ohayon,Torquigener.flavimaculosus,1,12,0
243,1020,2024-12-09 00:00:00,2024,fall,bat.galim,out,1,macroalgal.beds,iolr.macroalgae.diverse,B,1.8,shallow,32.830811,34.960314,yes,no,13,25x6,150,Sarah.Ohayon,Thalassoma.pavo,1,6,0.5
244,1020,2024-12-09 00:00:00,2024,fall,bat.galim,out,1,macroalgal.beds,iolr.macroalgae.diverse,B,1.8,shallow,32.830811,34.960314,yes,no,13,25x6,150,Sarah.Ohayon,Parupeneus.forsskali,10,5,1
245,1020,2024-12-09 00:00:00,2024,fall,bat.galim,out,1,macroalgal.beds,iolr.macroalgae.diverse,B,1.8,shallow,32.830811,34.960314,yes,no,13,25x6,150,Sarah.Ohayon,Parupeneus.forsskali,10,6,1
246,1020,2024-12-09 00:00:00,2024,fall,bat.galim,out,1,macroalgal.beds,iolr.macroalgae.diverse,B,1.8,shallow,32.830811,34.960314,yes,no,13,25x6,150,Sarah.Ohayon,Parupeneus.forsskali,10,7,1
247,1020,2024-12-09 00:00:00,2024,fall,bat.galim,out,1,macroalgal.beds,iolr.macroalgae.diverse,B,1.8,shallow,32.830811,34.960314,yes,no,13,25x6,150,Sarah.Ohayon,Parupeneus.forsskali,20,8,1
248,1020,2024-12-09 00:00:00,2024,fall,bat.galim,out,1,macroalgal.beds,iolr.macroalgae.diverse,B,1.8,shallow,32.830811,34.960314,yes,no,13,25x6,150,Sarah.Ohayon,Parupeneus.forsskali,10,10,1
249,1021,2024-12-09 00:00:00,2024,fall,bat.galim,out,1,macroalgal.beds,iolr.macroalgae.diverse,C,1.8,shallow,32.830811,34.960314,yes,no,13,25x6,150,Sarah.Ohayon,no.fish,0,0,0
250,1022,2024-12-09 00:00:00,2024,fall,bat.galim,out,2,complex.rock,curch.complex,A,3.2,shallow,32.831628,34.963678,yes,no,13,25x6,150,Sarah.Ohayon,Siganus.rivulatus,100,10,3
251,1022,2024-12-09 00:00:00,2024,fall,bat.galim,out,2,complex.rock,curch.complex,A,3.2,shallow,32.831628,34.963678,yes,no,13,25x6,150,Sarah.Ohayon,Siganus.rivulatus,100,12,3
252,1022,2024-12-09 00:00:00,2024,fall,bat.galim,out,2,complex.rock,curch.complex,A,3.2,shallow,32.831628,34.963678,yes,no,13,25x6,150,Sarah.Ohayon,Siganus.rivulatus,100,12,1
253,1022,2024-12-09 00:00:00,2024,fall,bat.galim,out,2,complex.rock,curch.complex,A,3.2,shallow,32.831628,34.963678,yes,no,13,25x6,150,Sarah.Ohayon,Parupeneus.forsskali,1,8,0
254,1022,2024-12-09 00:00:00,2024,fall,bat.galim,out,2,complex.rock,curch.complex,A,3.2,shallow,32.831628,34.963678,yes,no,13,25x6,150,Sarah.Ohayon,Parupeneus.forsskali,1,9,0
255,1022,2024-12-09 00:00:00,2024,fall,bat.galim,out,2,complex.rock,curch.complex,A,3.2,shallow,32.831628,34.963678,yes,no,13,25x6,150,Sarah.Ohayon,Parupeneus.forsskali,1,14,0
256,1022,2024-12-09 00:00:00,2024,fall,bat.galim,out,2,complex.rock,curch.complex,A,3.2,shallow,32.831628,34.963678,yes,no,13,25x6,150,Sarah.Ohayon,Parupeneus.forsskali,1,13,0
257,1022,2024-12-09 00:00:00,2024,fall,bat.galim,out,2,complex.rock,curch.complex,A,3.2,shallow,32.831628,34.963678,yes,no,13,25x6,150,Sarah.Ohayon,Parupeneus.forsskali,3,8,0
258,1022,2024-12-09 00:00:00,2024,fall,bat.galim,out,2,complex.rock,curch.complex,A,3.2,shallow,32.831628,34.963678,yes,no,13,25x6,150,Sarah.Ohayon,Diplodus.sargus,1,12,0
259,1022,2024-12-09 00:00:00,2024,fall,bat.galim,out,2,complex.rock,curch.complex,A,3.2,shallow,32.831628,34.963678,yes,no,13,25x6,150,Sarah.Ohayon,Diplodus.sargus,2,10,0
260,1022,2024-12-09 00:00:00,2024,fall,bat.galim,out,2,complex.rock,curch.complex,A,3.2,shallow,32.831628,34.963678,yes,no,13,25x6,150,Sarah.Ohayon,Diplodus.sargus,3,12,1
261,1022,2024-12-09 00:00:00,2024,fall,bat.galim,out,2,complex.rock,curch.complex,A,3.2,shallow,32.831628,34.963678,yes,no,13,25x6,150,Sarah.Ohayon,Thalassoma.pavo,1,8,0
262,1022,2024-12-09 00:00:00,2024,fall,bat.galim,out,2,complex.rock,curch.complex,A,3.2,shallow,32.831628,34.963678,yes,no,13,25x6,150,Sarah.Ohayon,Oblada.melanura,1,10,4
263,1023,2024-12-09 00:00:00,2024,fall,bat.galim,out,2,complex.rock,curch.complex,B,3.2,shallow,32.831628,34.963678,yes,no,13,25x6,150,Sarah.Ohayon,Parupeneus.forsskali,50,10,0
264,1023,2024-12-09 00:00:00,2024,fall,bat.galim,out,2,complex.rock,curch.complex,B,3.2,shallow,32.831628,34.963678,yes,no,13,25x6,150,Sarah.Ohayon,Parupeneus.forsskali,50,12,0
265,1023,2024-12-09 00:00:00,2024,fall,bat.galim,out,2,complex.rock,curch.complex,B,3.2,shallow,32.831628,34.963678,yes,no,13,25x6,150,Sarah.Ohayon,Parupeneus.forsskali,50,14,0
266,1023,2024-12-09 00:00:00,2024,fall,bat.galim,out,2,complex.rock,curch.complex,B,3.2,shallow,32.831628,34.963678,yes,no,13,25x6,150,Sarah.Ohayon,Parupeneus.forsskali,50,16,0
267,1023,2024-12-09 00:00:00,2024,fall,bat.galim,out,2,complex.rock,curch.complex,B,3.2,shallow,32.831628,34.963678,yes,no,13,25x6,150,Sarah.Ohayon,Siganus.rivulatus,100,10,1
268,1023,2024-12-09 00:00:00,2024,fall,bat.galim,out,2,complex.rock,curch.complex,B,3.2,shallow,32.831628,34.963678,yes,no,13,25x6,150,Sarah.Ohayon,Siganus.rivulatus,100,12,1
269,1023,2024-12-09 00:00:00,2024,fall,bat.galim,out,2,complex.rock,curch.complex,B,3.2,shallow,32.831628,34.963678,yes,no,13,25x6,150,Sarah.Ohayon,Siganus.rivulatus,100,14,1
270,1023,2024-12-09 00:00:00,2024,fall,bat.galim,out,2,complex.rock,curch.complex,B,3.2,shallow,32.831628,34.963678,yes,no,13,25x6,150,Sarah.Ohayon,Siganus.rivulatus,50,8,1
271,1023,2024-12-09 00:00:00,2024,fall,bat.galim,out,2,complex.rock,curch.complex,B,3.2,shallow,32.831628,34.963678,yes,no,13,25x6,150,Sarah.Ohayon,Diplodus.sargus,2,10,4
272,1024,2024-12-09 00:00:00,2024,fall,bat.galim,out,2,complex.rock,curch.complex,C,3.2,shallow,32.831628,34.963678,yes,no,13,25x6,150,Sarah.Ohayon,Siganus.rivulatus,100,10,1
273,1024,2024-12-09 00:00:00,2024,fall,bat.galim,out,2,complex.rock,curch.complex,C,3.2,shallow,32.831628,34.963678,yes,no,13,25x6,150,Sarah.Ohayon,Siganus.rivulatus,20,8,1
274,1024,2024-12-09 00:00:00,2024,fall,bat.galim,out,2,complex.rock,curch.complex,C,3.2,shallow,32.831628,34.963678,yes,no,13,25x6,150,Sarah.Ohayon,Siganus.rivulatus,100,8,1
275,1024,2024-12-09 00:00:00,2024,fall,bat.galim,out,2,complex.rock,curch.complex,C,3.2,shallow,32.831628,34.963678,yes,no,13,25x6,150,Sarah.Ohayon,Siganus.rivulatus,50,12,1
276,1024,2024-12-09 00:00:00,2024,fall,bat.galim,out,2,complex.rock,curch.complex,C,3.2,shallow,32.831628,34.963678,yes,no,13,25x6,150,Sarah.Ohayon,Diplodus.sargus,2,10,0
277,1024,2024-12-09 00:00:00,2024,fall,bat.galim,out,2,complex.rock,curch.complex,C,3.2,shallow,32.831628,34.963678,yes,no,13,25x6,150,Sarah.Ohayon,Diplodus.sargus,2,12,0
278,1024,2024-12-09 00:00:00,2024,fall,bat.galim,out,2,complex.rock,curch.complex,C,3.2,shallow,32.831628,34.963678,yes,no,13,25x6,150,Sarah.Ohayon,Diplodus.sargus,1,14,0
279,1024,2024-12-09 00:00:00,2024,fall,bat.galim,out,2,complex.rock,curch.complex,C,3.2,shallow,32.831628,34.963678,yes,no,13,25x6,150,Sarah.Ohayon,Parupeneus.forsskali,1,14,1
280,1024,2024-12-09 00:00:00,2024,fall,bat.galim,out,2,complex.rock,curch.complex,C,3.2,shallow,32.831628,34.963678,yes,no,13,25x6,150,Sarah.Ohayon,Thalassoma.pavo,2,8,1
281,1024,2024-12-09 00:00:00,2024,fall,bat.galim,out,2,complex.rock,curch.complex,C,3.2,shallow,32.831628,34.963678,yes,no,13,25x6,150,Sarah.Ohayon,Thalassoma.pavo,1,6,1
282,1024,2024-12-09 00:00:00,2024,fall,bat.galim,out,2,complex.rock,curch.complex,C,3.2,shallow,32.831628,34.963678,yes,no,13,25x6,150,Sarah.Ohayon,Pempheris.vanicolensis,10,14,1
283,1024,2024-12-09 00:00:00,2024,fall,bat.galim,out,2,complex.rock,curch.complex,C,3.2,shallow,32.831628,34.963678,yes,no,13,25x6,150,Sarah.Ohayon,Sargocentron.rubrum,4,10,1
284,1025,2024-12-09 00:00:00,2024,fall,bat.galim,out,3,complex.rock,papa.arches.complex,A,2.5,shallow,32.833734,34.96545,yes,no,6,25x6,150,Sarah.Ohayon,Diplodus.sargus,3,10,1
285,1025,2024-12-09 00:00:00,2024,fall,bat.galim,out,3,complex.rock,papa.arches.complex,A,2.5,shallow,32.833734,34.96545,yes,no,6,25x6,150,Sarah.Ohayon,Diplodus.sargus,1,12,1
286,1025,2024-12-09 00:00:00,2024,fall,bat.galim,out,3,complex.rock,papa.arches.complex,A,2.5,shallow,32.833734,34.96545,yes,no,6,25x6,150,Sarah.Ohayon,Diplodus.sargus,10,10,2
287,1025,2024-12-09 00:00:00,2024,fall,bat.galim,out,3,complex.rock,papa.arches.complex,A,2.5,shallow,32.833734,34.96545,yes,no,6,25x6,150,Sarah.Ohayon,Diplodus.sargus,1,12,2
288,1025,2024-12-09 00:00:00,2024,fall,bat.galim,out,3,complex.rock,papa.arches.complex,A,2.5,shallow,32.833734,34.96545,yes,no,6,25x6,150,Sarah.Ohayon,Parupeneus.forsskali,1,6,1
289,1025,2024-12-09 00:00:00,2024,fall,bat.galim,out,3,complex.rock,papa.arches.complex,A,2.5,shallow,32.833734,34.96545,yes,no,6,25x6,150,Sarah.Ohayon,Parupeneus.forsskali,3,8,1
290,1025,2024-12-09 00:00:00,2024,fall,bat.galim,out,3,complex.rock,papa.arches.complex,A,2.5,shallow,32.833734,34.96545,yes,no,6,25x6,150,Sarah.Ohayon,Parupeneus.forsskali,2,6,1
291,1025,2024-12-09 00:00:00,2024,fall,bat.galim,out,3,complex.rock,papa.arches.complex,A,2.5,shallow,32.833734,34.96545,yes,no,6,25x6,150,Sarah.Ohayon,Parupeneus.forsskali,1,8,1
292,1025,2024-12-09 00:00:00,2024,fall,bat.galim,out,3,complex.rock,papa.arches.complex,A,2.5,shallow,32.833734,34.96545,yes,no,6,25x6,150,Sarah.Ohayon,Siganus.rivulatus,30,10,1
293,1025,2024-12-09 00:00:00,2024,fall,bat.galim,out,3,complex.rock,papa.arches.complex,A,2.5,shallow,32.833734,34.96545,yes,no,6,25x6,150,Sarah.Ohayon,Oblada.melanura,100,10,0
294,1026,2024-12-09 00:00:00,2024,fall,bat.galim,out,3,complex.rock,papa.arches.complex,B,2.5,shallow,32.833734,34.96545,yes,no,3,25x6,150,Sarah.Ohayon,Siganus.rivulatus,3,12,1
295,1026,2024-12-09 00:00:00,2024,fall,bat.galim,out,3,complex.rock,papa.arches.complex,B,2.5,shallow,32.833734,34.96545,yes,no,3,25x6,150,Sarah.Ohayon,Parupeneus.forsskali,2,10,1
296,1026,2024-12-09 00:00:00,2024,fall,bat.galim,out,3,complex.rock,papa.arches.complex,B,2.5,shallow,32.833734,34.96545,yes,no,3,25x6,150,Sarah.Ohayon,Diplodus.sargus,2,10,1
297,1026,2024-12-09 00:00:00,2024,fall,bat.galim,out,3,complex.rock,papa.arches.complex,B,2.5,shallow,32.833734,34.96545,yes,no,3,25x6,150,Sarah.Ohayon,Diplodus.sargus,1,10,1
298,1026,2024-12-09 00:00:00,2024,fall,bat.galim,out,3,complex.rock,papa.arches.complex,B,2.5,shallow,32.833734,34.96545,yes,no,3,25x6,150,Sarah.Ohayon,Diplodus.sargus,2,14,1
299,1027,2024-12-09 00:00:00,2024,fall,bat.galim,out,3,complex.rock,papa.arches.complex,C,2.5,shallow,32.833734,34.96545,yes,no,3,25x6,150,Sarah.Ohayon,Siganus.rivulatus,3,10,1
300,1027,2024-12-09 00:00:00,2024,fall,bat.galim,out,3,complex.rock,papa.arches.complex,C,2.5,shallow,32.833734,34.96545,yes,no,3,25x6,150,Sarah.Ohayon,Diplodus.sargus,3,10,1
301,1027,2024-12-09 00:00:00,2024,fall,bat.galim,out,3,complex.rock,papa.arches.complex,C,2.5,shallow,32.833734,34.96545,yes,no,3,25x6,150,Sarah.Ohayon,Diplodus.sargus,2,12,1
302,1028,2024-12-09 00:00:00,2024,fall,bat.galim,out,4,macroalgal.beds,surfers.bay.macroalgae,A,2,shallow,32.834016,34.967899,yes,no,11,25x6,150,Sarah.Ohayon,no.fish,0,0,0
303,1029,2024-12-09 00:00:00,2024,fall,bat.galim,out,4,macroalgal.beds,surfers.bay.macroalgae,B,2,shallow,32.834016,34.967899,yes,no,11,25x6,150,Sarah.Ohayon,no.fish,0,0,0
304,1030,2024-12-09 00:00:00,2024,fall,bat.galim,out,4,macroalgal.beds,surfers.bay.macroalgae,C,2,shallow,32.834016,34.967899,yes,no,11,25x6,150,Sarah.Ohayon,no.fish,0,0,0
305,1031,2025-03-16 00:00:00,2025,spring,bat.galim,out,1,macroalgal.beds,iolr.macroalgae.diverse,A,1.9,shallow,32.830811,34.960314,yes,no,22,25x6,150,Sarah.Ohayon,Diplodus.sargus,2,14,6
306,1031,2025-03-16 00:00:00,2025,spring,bat.galim,out,1,macroalgal.beds,iolr.macroalgae.diverse,A,1.9,shallow,32.830811,34.960314,yes,no,22,25x6,150,Sarah.Ohayon,Thalassoma.pavo,3,6,3
307,1032,2025-03-16 00:00:00,2025,spring,bat.galim,out,1,macroalgal.beds,iolr.macroalgae.diverse,B,1.9,shallow,32.830811,34.960314,yes,no,22,25x6,150,Sarah.Ohayon,Thalassoma.pavo,2,4,3
308,1032,2025-03-16 00:00:00,2025,spring,bat.galim,out,1,macroalgal.beds,iolr.macroalgae.diverse,B,1.9,shallow,32.830811,34.960314,yes,no,22,25x6,150,Sarah.Ohayon,Thalassoma.pavo,2,6,1
309,1033,2025-03-16 00:00:00,2025,spring,bat.galim,out,1,macroalgal.beds,iolr.macroalgae.diverse,C,2,shallow,32.830811,34.960314,yes,no,22,25x6,150,Sarah.Ohayon,no.fish,0,0,0
310,1034,2025-03-16 00:00:00,2025,spring,bat.galim,out,1,macroalgal.beds,iolr.macroalgae.diverse,D,2,shallow,32.830811,34.960314,yes,no,22,25x6,150,Sarah.Ohayon,no.fish,0,0,0
311,1035,2025-03-16 00:00:00,2025,spring,bat.galim,out,2,complex.rock,curch.complex,A,1.5,shallow,32.831628,34.963678,yes,no,22,25x6,150,Sarah.Ohayon,Siganus.rivulatus,4,10,0
312,1035,2025-03-16 00:00:00,2025,spring,bat.galim,out,2,complex.rock,curch.complex,A,1.5,shallow,32.831628,34.963678,yes,no,22,25x6,150,Sarah.Ohayon,Siganus.rivulatus,4,14,1
313,1035,2025-03-16 00:00:00,2025,spring,bat.galim,out,2,complex.rock,curch.complex,A,1.5,shallow,32.831628,34.963678,yes,no,22,25x6,150,Sarah.Ohayon,Siganus.rivulatus,10,12,2
314,1035,2025-03-16 00:00:00,2025,spring,bat.galim,out,2,complex.rock,curch.complex,A,1.5,shallow,32.831628,34.963678,yes,no,22,25x6,150,Sarah.Ohayon,Siganus.rivulatus,10,14,2
315,1035,2025-03-16 00:00:00,2025,spring,bat.galim,out,2,complex.rock,curch.complex,A,1.5,shallow,32.831628,34.963678,yes,no,22,25x6,150,Sarah.Ohayon,Siganus.rivulatus,5,12,0
316,1035,2025-03-16 00:00:00,2025,spring,bat.galim,out,2,complex.rock,curch.complex,A,1.5,shallow,32.831628,34.963678,yes,no,22,25x6,150,Sarah.Ohayon,Siganus.rivulatus,4,15,0
317,1035,2025-03-16 00:00:00,2025,spring,bat.galim,out,2,complex.rock,curch.complex,A,1.5,shallow,32.831628,34.963678,yes,no,22,25x6,150,Sarah.Ohayon,Siganus.rivulatus,1,14,2
318,1035,2025-03-16 00:00:00,2025,spring,bat.galim,out,2,complex.rock,curch.complex,A,1.5,shallow,32.831628,34.963678,yes,no,22,25x6,150,Sarah.Ohayon,Siganus.rivulatus,4,16,4
319,1035,2025-03-16 00:00:00,2025,spring,bat.galim,out,2,complex.rock,curch.complex,A,1.5,shallow,32.831628,34.963678,yes,no,22,25x6,150,Sarah.Ohayon,Siganus.rivulatus,2,12,0
320,1035,2025-03-16 00:00:00,2025,spring,bat.galim,out,2,complex.rock,curch.complex,A,1.5,shallow,32.831628,34.963678,yes,no,22,25x6,150,Sarah.Ohayon,Diplodus.sargus,1,14,0
321,1035,2025-03-16 00:00:00,2025,spring,bat.galim,out,2,complex.rock,curch.complex,A,1.5,shallow,32.831628,34.963678,yes,no,22,25x6,150,Sarah.Ohayon,Diplodus.sargus,1,12,1
322,1035,2025-03-16 00:00:00,2025,spring,bat.galim,out,2,complex.rock,curch.complex,A,1.5,shallow,32.831628,34.963678,yes,no,22,25x6,150,Sarah.Ohayon,Diplodus.sargus,2,14,1
323,1035,2025-03-16 00:00:00,2025,spring,bat.galim,out,2,complex.rock,curch.complex,A,1.5,shallow,32.831628,34.963678,yes,no,22,25x6,150,Sarah.Ohayon,Diplodus.sargus,2,12,1
324,1035,2025-03-16 00:00:00,2025,spring,bat.galim,out,2,complex.rock,curch.complex,A,1.5,shallow,32.831628,34.963678,yes,no,22,25x6,150,Sarah.Ohayon,Diplodus.sargus,2,14,4
325,1035,2025-03-16 00:00:00,2025,spring,bat.galim,out,2,complex.rock,curch.complex,A,1.5,shallow,32.831628,34.963678,yes,no,22,25x6,150,Sarah.Ohayon,Diplodus.sargus,1,14,0
326,1035,2025-03-16 00:00:00,2025,spring,bat.galim,out,2,complex.rock,curch.complex,A,1.5,shallow,32.831628,34.963678,yes,no,22,25x6,150,Sarah.Ohayon,Thalassoma.pavo,1,12,2
327,1035,2025-03-16 00:00:00,2025,spring,bat.galim,out,2,complex.rock,curch.complex,A,1.5,shallow,32.831628,34.963678,yes,no,22,25x6,150,Sarah.Ohayon,Thalassoma.pavo,1,8,2
328,1036,2025-03-16 00:00:00,2025,spring,bat.galim,out,2,complex.rock,curch.complex,B,2,shallow,32.831628,34.963678,yes,no,22,25x6,150,Sarah.Ohayon,Diplodus.sargus,8,14,0
329,1036,2025-03-16 00:00:00,2025,spring,bat.galim,out,2,complex.rock,curch.complex,B,2,shallow,32.831628,34.963678,yes,no,22,25x6,150,Sarah.Ohayon,Diplodus.sargus,2,16,0
330,1036,2025-03-16 00:00:00,2025,spring,bat.galim,out,2,complex.rock,curch.complex,B,2,shallow,32.831628,34.963678,yes,no,22,25x6,150,Sarah.Ohayon,Diplodus.sargus,2,15,0
331,1036,2025-03-16 00:00:00,2025,spring,bat.galim,out,2,complex.rock,curch.complex,B,2,shallow,32.831628,34.963678,yes,no,22,25x6,150,Sarah.Ohayon,Diplodus.sargus,2,14,3
332,1036,2025-03-16 00:00:00,2025,spring,bat.galim,out,2,complex.rock,curch.complex,B,2,shallow,32.831628,34.963678,yes,no,22,25x6,150,Sarah.Ohayon,Diplodus.sargus,1,10,0
333,1036,2025-03-16 00:00:00,2025,spring,bat.galim,out,2,complex.rock,curch.complex,B,2,shallow,32.831628,34.963678,yes,no,22,25x6,150,Sarah.Ohayon,Diplodus.sargus,2,14,0
334,1036,2025-03-16 00:00:00,2025,spring,bat.galim,out,2,complex.rock,curch.complex,B,2,shallow,32.831628,34.963678,yes,no,22,25x6,150,Sarah.Ohayon,Diplodus.sargus,2,15,0
335,1036,2025-03-16 00:00:00,2025,spring,bat.galim,out,2,complex.rock,curch.complex,B,2,shallow,32.831628,34.963678,yes,no,22,25x6,150,Sarah.Ohayon,Diplodus.sargus,2,14,0
336,1036,2025-03-16 00:00:00,2025,spring,bat.galim,out,2,complex.rock,curch.complex,B,2,shallow,32.831628,34.963678,yes,no,22,25x6,150,Sarah.Ohayon,Thalassoma.pavo,1,4,0
337,1036,2025-03-16 00:00:00,2025,spring,bat.galim,out,2,complex.rock,curch.complex,B,2,shallow,32.831628,34.963678,yes,no,22,25x6,150,Sarah.Ohayon,Thalassoma.pavo,1,6,0
338,1036,2025-03-16 00:00:00,2025,spring,bat.galim,out,2,complex.rock,curch.complex,B,2,shallow,32.831628,34.963678,yes,no,22,25x6,150,Sarah.Ohayon,Thalassoma.pavo,1,8,0
339,1036,2025-03-16 00:00:00,2025,spring,bat.galim,out,2,complex.rock,curch.complex,B,2,shallow,32.831628,34.963678,yes,no,22,25x6,150,Sarah.Ohayon,Thalassoma.pavo,1,4,0
340,1036,2025-03-16 00:00:00,2025,spring,bat.galim,out,2,complex.rock,curch.complex,B,2,shallow,32.831628,34.963678,yes,no,22,25x6,150,Sarah.Ohayon,Thalassoma.pavo,1,6,0
341,1036,2025-03-16 00:00:00,2025,spring,bat.galim,out,2,complex.rock,curch.complex,B,2,shallow,32.831628,34.963678,yes,no,22,25x6,150,Sarah.Ohayon,Siganus.rivulatus,1,12,3
342,1036,2025-03-16 00:00:00,2025,spring,bat.galim,out,2,complex.rock,curch.complex,B,2,shallow,32.831628,34.963678,yes,no,22,25x6,150,Sarah.Ohayon,Siganus.rivulatus,1,10,0
343,1036,2025-03-16 00:00:00,2025,spring,bat.galim,out,2,complex.rock,curch.complex,B,2,shallow,32.831628,34.963678,yes,no,22,25x6,150,Sarah.Ohayon,Siganus.rivulatus,1,12,0
344,1036,2025-03-16 00:00:00,2025,spring,bat.galim,out,2,complex.rock,curch.complex,B,2,shallow,32.831628,34.963678,yes,no,22,25x6,150,Sarah.Ohayon,Siganus.rivulatus,10,14,0
345,1036,2025-03-16 00:00:00,2025,spring,bat.galim,out,2,complex.rock,curch.complex,B,2,shallow,32.831628,34.963678,yes,no,22,25x6,150,Sarah.Ohayon,Siganus.rivulatus,30,14,0
346,1037,2025-03-16 00:00:00,2025,spring,bat.galim,out,2,complex.rock,curch.complex,C,2.1,shallow,32.831628,34.963678,yes,no,22,25x6,150,Sarah.Ohayon,Oblada.melanura,3,12,0
347,1037,2025-03-16 00:00:00,2025,spring,bat.galim,out,2,complex.rock,curch.complex,C,2.1,shallow,32.831628,34.963678,yes,no,22,25x6,150,Sarah.Ohayon,Diplodus.sargus,5,14,0
348,1037,2025-03-16 00:00:00,2025,spring,bat.galim,out,2,complex.rock,curch.complex,C,2.1,shallow,32.831628,34.963678,yes,no,22,25x6,150,Sarah.Ohayon,Diplodus.sargus,2,12,3
349,1037,2025-03-16 00:00:00,2025,spring,bat.galim,out,2,complex.rock,curch.complex,C,2.1,shallow,32.831628,34.963678,yes,no,22,25x6,150,Sarah.Ohayon,Diplodus.sargus,2,13,0
350,1037,2025-03-16 00:00:00,2025,spring,bat.galim,out,2,complex.rock,curch.complex,C,2.1,shallow,32.831628,34.963678,yes,no,22,25x6,150,Sarah.Ohayon,Diplodus.sargus,1,12,0
351,1037,2025-03-16 00:00:00,2025,spring,bat.galim,out,2,complex.rock,curch.complex,C,2.1,shallow,32.831628,34.963678,yes,no,22,25x6,150,Sarah.Ohayon,Diplodus.sargus,10,14,0
352,1037,2025-03-16 00:00:00,2025,spring,bat.galim,out,2,complex.rock,curch.complex,C,2.1,shallow,32.831628,34.963678,yes,no,22,25x6,150,Sarah.Ohayon,Siganus.rivulatus,20,12,0
353,1037,2025-03-16 00:00:00,2025,spring,bat.galim,out,2,complex.rock,curch.complex,C,2.1,shallow,32.831628,34.963678,yes,no,22,25x6,150,Sarah.Ohayon,Siganus.rivulatus,20,14,0
354,1037,2025-03-16 00:00:00,2025,spring,bat.galim,out,2,complex.rock,curch.complex,C,2.1,shallow,32.831628,34.963678,yes,no,22,25x6,150,Sarah.Ohayon,Siganus.rivulatus,1,15,0
355,1037,2025-03-16 00:00:00,2025,spring,bat.galim,out,2,complex.rock,curch.complex,C,2.1,shallow,32.831628,34.963678,yes,no,22,25x6,150,Sarah.Ohayon,Siganus.rivulatus,10,12,0
356,1037,2025-03-16 00:00:00,2025,spring,bat.galim,out,2,complex.rock,curch.complex,C,2.1,shallow,32.831628,34.963678,yes,no,22,25x6,150,Sarah.Ohayon,Siganus.rivulatus,2,12,0
357,1037,2025-03-16 00:00:00,2025,spring,bat.galim,out,2,complex.rock,curch.complex,C,2.1,shallow,32.831628,34.963678,yes,no,22,25x6,150,Sarah.Ohayon,Sargocentron.rubrum,1,14,0
358,1038,2025-03-17 00:00:00,2025,spring,bat.galim,out,3,complex.rock,papa.arches.complex,A,3.4,shallow,32.833734,34.96545,yes,no,23,25x6,150,Sarah.Ohayon,Siganus.rivulatus,1,12,0
359,1038,2025-03-17 00:00:00,2025,spring,bat.galim,out,3,complex.rock,papa.arches.complex,A,3.4,shallow,32.833734,34.96545,yes,no,23,25x6,150,Sarah.Ohayon,Siganus.rivulatus,1,14,0
360,1038,2025-03-17 00:00:00,2025,spring,bat.galim,out,3,complex.rock,papa.arches.complex,A,3.4,shallow,32.833734,34.96545,yes,no,23,25x6,150,Sarah.Ohayon,Diplodus.sargus,1,15,0
361,1038,2025-03-17 00:00:00,2025,spring,bat.galim,out,3,complex.rock,papa.arches.complex,A,3.4,shallow,32.833734,34.96545,yes,no,23,25x6,150,Sarah.Ohayon,Diplodus.sargus,1,14,0
362,1038,2025-03-17 00:00:00,2025,spring,bat.galim,out,3,complex.rock,papa.arches.complex,A,3.4,shallow,32.833734,34.96545,yes,no,23,25x6,150,Sarah.Ohayon,Diplodus.sargus,3,14,0
363,1038,2025-03-17 00:00:00,2025,spring,bat.galim,out,3,complex.rock,papa.arches.complex,A,3.4,shallow,32.833734,34.96545,yes,no,23,25x6,150,Sarah.Ohayon,Diplodus.sargus,3,15,1
364,1038,2025-03-17 00:00:00,2025,spring,bat.galim,out,3,complex.rock,papa.arches.complex,A,3.4,shallow,32.833734,34.96545,yes,no,23,25x6,150,Sarah.Ohayon,Thalassoma.pavo,1,13,0
365,1038,2025-03-17 00:00:00,2025,spring,bat.galim,out,3,complex.rock,papa.arches.complex,A,3.4,shallow,32.833734,34.96545,yes,no,23,25x6,150,Sarah.Ohayon,Thalassoma.pavo,1,8,0
366,1038,2025-03-17 00:00:00,2025,spring,bat.galim,out,3,complex.rock,papa.arches.complex,A,3.4,shallow,32.833734,34.96545,yes,no,23,25x6,150,Sarah.Ohayon,Thalassoma.pavo,1,6,0
367,1038,2025-03-17 00:00:00,2025,spring,bat.galim,out,3,complex.rock,papa.arches.complex,A,3.4,shallow,32.833734,34.96545,yes,no,23,25x6,150,Sarah.Ohayon,Serranus.scriba,1,15,0
368,1039,2025-03-17 00:00:00,2025,spring,bat.galim,out,3,complex.rock,papa.arches.complex,B,3.4,shallow,32.833734,34.96545,yes,no,23,25x6,150,Sarah.Ohayon,Diplodus.sargus,2,14,0
369,1039,2025-03-17 00:00:00,2025,spring,bat.galim,out,3,complex.rock,papa.arches.complex,B,3.4,shallow,32.833734,34.96545,yes,no,23,25x6,150,Sarah.Ohayon,Diplodus.sargus,1,15,3
370,1039,2025-03-17 00:00:00,2025,spring,bat.galim,out,3,complex.rock,papa.arches.complex,B,3.4,shallow,32.833734,34.96545,yes,no,23,25x6,150,Sarah.Ohayon,Diplodus.sargus,1,14,3
371,1039,2025-03-17 00:00:00,2025,spring,bat.galim,out,3,complex.rock,papa.arches.complex,B,3.4,shallow,32.833734,34.96545,yes,no,23,25x6,150,Sarah.Ohayon,Siganus.rivulatus,1,12,1
372,1039,2025-03-17 00:00:00,2025,spring,bat.galim,out,3,complex.rock,papa.arches.complex,B,3.4,shallow,32.833734,34.96545,yes,no,23,25x6,150,Sarah.Ohayon,Thalassoma.pavo,1,8,0
373,1040,2025-03-17 00:00:00,2025,spring,bat.galim,out,3,complex.rock,papa.arches.complex,C,3.4,shallow,32.833734,34.96545,yes,no,23,25x6,150,Sarah.Ohayon,Siganus.rivulatus,20,15,0
374,1040,2025-03-17 00:00:00,2025,spring,bat.galim,out,3,complex.rock,papa.arches.complex,C,3.4,shallow,32.833734,34.96545,yes,no,23,25x6,150,Sarah.Ohayon,Siganus.rivulatus,1,14,0
375,1040,2025-03-17 00:00:00,2025,spring,bat.galim,out,3,complex.rock,papa.arches.complex,C,3.4,shallow,32.833734,34.96545,yes,no,23,25x6,150,Sarah.Ohayon,Diplodus.sargus,1,14,0
376,1040,2025-03-17 00:00:00,2025,spring,bat.galim,out,3,complex.rock,papa.arches.complex,C,3.4,shallow,32.833734,34.96545,yes,no,23,25x6,150,Sarah.Ohayon,Diplodus.sargus,1,16,0
377,1041,2025-03-17 00:00:00,2025,spring,bat.galim,out,3,complex.rock,papa.arches.complex,D,3.4,shallow,32.833734,34.96545,yes,no,23,25x6,150,Sarah.Ohayon,Diplodus.sargus,2,14,0
378,1041,2025-03-17 00:00:00,2025,spring,bat.galim,out,3,complex.rock,papa.arches.complex,D,3.4,shallow,32.833734,34.96545,yes,no,23,25x6,150,Sarah.Ohayon,Diplodus.sargus,12,14,0
379,1041,2025-03-17 00:00:00,2025,spring,bat.galim,out,3,complex.rock,papa.arches.complex,D,3.4,shallow,32.833734,34.96545,yes,no,23,25x6,150,Sarah.Ohayon,Diplodus.sargus,2,15,0
380,1041,2025-03-17 00:00:00,2025,spring,bat.galim,out,3,complex.rock,papa.arches.complex,D,3.4,shallow,32.833734,34.96545,yes,no,23,25x6,150,Sarah.Ohayon,Siganus.rivulatus,2,14,0
381,1041,2025-03-17 00:00:00,2025,spring,bat.galim,out,3,complex.rock,papa.arches.complex,D,3.4,shallow,32.833734,34.96545,yes,no,23,25x6,150,Sarah.Ohayon,Siganus.rivulatus,10,14,0
382,1041,2025-03-17 00:00:00,2025,spring,bat.galim,out,3,complex.rock,papa.arches.complex,D,3.4,shallow,32.833734,34.96545,yes,no,23,25x6,150,Sarah.Ohayon,Siganus.rivulatus,1,16,0
383,1041,2025-03-17 00:00:00,2025,spring,bat.galim,out,3,complex.rock,papa.arches.complex,D,3.4,shallow,32.833734,34.96545,yes,no,23,25x6,150,Sarah.Ohayon,Siganus.rivulatus,10,14,0
384,1041,2025-03-17 00:00:00,2025,spring,bat.galim,out,3,complex.rock,papa.arches.complex,D,3.4,shallow,32.833734,34.96545,yes,no,23,25x6,150,Sarah.Ohayon,Siganus.rivulatus,5,14,0
385,1041,2025-03-17 00:00:00,2025,spring,bat.galim,out,3,complex.rock,papa.arches.complex,D,3.4,shallow,32.833734,34.96545,yes,no,23,25x6,150,Sarah.Ohayon,Siganus.rivulatus,2,14,0
386,1041,2025-03-17 00:00:00,2025,spring,bat.galim,out,3,complex.rock,papa.arches.complex,D,3.4,shallow,32.833734,34.96545,yes,no,23,25x6,150,Sarah.Ohayon,Parupeneus.forsskali,1,14,3
387,1041,2025-03-17 00:00:00,2025,spring,bat.galim,out,3,complex.rock,papa.arches.complex,D,3.4,shallow,32.833734,34.96545,yes,no,23,25x6,150,Sarah.Ohayon,Epinephelus.marginatus,1,14,0
388,1042,2025-03-17 00:00:00,2025,spring,bat.galim,out,4,macroalgal.beds,surfers.bay.macroalgae,A,2.5,shallow,32.834016,34.967899,yes,no,23,25x6,150,Sarah.Ohayon,no.fish,0,0,0
389,1043,2025-03-17 00:00:00,2025,spring,bat.galim,out,4,macroalgal.beds,surfers.bay.macroalgae,B,2.5,shallow,32.834016,34.967899,yes,no,23,25x6,150,Sarah.Ohayon,no.fish,0,0,0
390,1044,2025-03-18 00:00:00,2025,spring,bat.galim,out,5,macroalgal.beds,promenade.macroalgae,A,1.9,shallow,32.833754,34.973627,yes,no,18,25x6,150,Sarah.Ohayon,no.fish,0,0,0
391,1045,2025-03-18 00:00:00,2025,spring,bat.galim,out,5,macroalgal.beds,promenade.macroalgae,B,1.9,shallow,32.833754,34.973627,yes,no,18,25x6,150,Sarah.Ohayon,larvea,6,1,0
392,1046,2025-03-18 00:00:00,2025,spring,bat.galim,out,5,macroalgal.beds,promenade.macroalgae,C,1.9,shallow,32.833754,34.973627,yes,no,18,25x6,150,Sarah.Ohayon,larvea,1,1,0
393,1047,2025-03-18 00:00:00,2025,spring,bat.galim,out,6,complex.rock,promenade.complex,A,2.6,shallow,32.834911,34.973934,yes,no,15,25x6,150,Sarah.Ohayon,Epinephelus.marginatus,1,20,0
394,1047,2025-03-18 00:00:00,2025,spring,bat.galim,out,6,complex.rock,promenade.complex,A,2.6,shallow,32.834911,34.973934,yes,no,15,25x6,150,Sarah.Ohayon,Diplodus.sargus,3,10,0
395,1047,2025-03-18 00:00:00,2025,spring,bat.galim,out,6,complex.rock,promenade.complex,A,2.6,shallow,32.834911,34.973934,yes,no,15,25x6,150,Sarah.Ohayon,Diplodus.sargus,3,12,0
396,1047,2025-03-18 00:00:00,2025,spring,bat.galim,out,6,complex.rock,promenade.complex,A,2.6,shallow,32.834911,34.973934,yes,no,15,25x6,150,Sarah.Ohayon,Diplodus.sargus,3,14,0
397,1047,2025-03-18 00:00:00,2025,spring,bat.galim,out,6,complex.rock,promenade.complex,A,2.6,shallow,32.834911,34.973934,yes,no,15,25x6,150,Sarah.Ohayon,Siganus.rivulatus,4,12,0
398,1047,2025-03-18 00:00:00,2025,spring,bat.galim,out,6,complex.rock,promenade.complex,A,2.6,shallow,32.834911,34.973934,yes,no,15,25x6,150,Sarah.Ohayon,Siganus.rivulatus,30,14,0
399,1047,2025-03-18 00:00:00,2025,spring,bat.galim,out,6,complex.rock,promenade.complex,A,2.6,shallow,32.834911,34.973934,yes,no,15,25x6,150,Sarah.Ohayon,Thalassoma.pavo,1,8,1
400,1047,2025-03-18 00:00:00,2025,spring,bat.galim,out,6,complex.rock,promenade.complex,A,2.6,shallow,32.834911,34.973934,yes,no,15,25x6,150,Sarah.Ohayon,Thalassoma.pavo,1,6,0
401,1047,2025-03-18 00:00:00,2025,spring,bat.galim,out,6,complex.rock,promenade.complex,A,2.6,shallow,32.834911,34.973934,yes,no,15,25x6,150,Sarah.Ohayon,Thalassoma.pavo,1,7,0
402,1047,2025-03-18 00:00:00,2025,spring,bat.galim,out,6,complex.rock,promenade.complex,A,2.6,shallow,32.834911,34.973934,yes,no,15,25x6,150,Sarah.Ohayon,Thalassoma.pavo,1,4,0
403,1048,2025-03-18 00:00:00,2025,spring,bat.galim,out,6,complex.rock,promenade.complex,B,3.2,shallow,32.834911,34.973934,yes,no,15,25x6,150,Sarah.Ohayon,Epinephelus.marginatus,1,18,0
404,1048,2025-03-18 00:00:00,2025,spring,bat.galim,out,6,complex.rock,promenade.complex,B,3.2,shallow,32.834911,34.973934,yes,no,15,25x6,150,Sarah.Ohayon,Thalassoma.pavo,1,6,0
405,1048,2025-03-18 00:00:00,2025,spring,bat.galim,out,6,complex.rock,promenade.complex,B,3.2,shallow,32.834911,34.973934,yes,no,15,25x6,150,Sarah.Ohayon,Thalassoma.pavo,1,8,0
406,1048,2025-03-18 00:00:00,2025,spring,bat.galim,out,6,complex.rock,promenade.complex,B,3.2,shallow,32.834911,34.973934,yes,no,15,25x6,150,Sarah.Ohayon,Thalassoma.pavo,1,12,0
407,1048,2025-03-18 00:00:00,2025,spring,bat.galim,out,6,complex.rock,promenade.complex,B,3.2,shallow,32.834911,34.973934,yes,no,15,25x6,150,Sarah.Ohayon,Thalassoma.pavo,1,9,0
408,1048,2025-03-18 00:00:00,2025,spring,bat.galim,out,6,complex.rock,promenade.complex,B,3.2,shallow,32.834911,34.973934,yes,no,15,25x6,150,Sarah.Ohayon,Parupeneus.forsskali,1,10,0
409,1048,2025-03-18 00:00:00,2025,spring,bat.galim,out,6,complex.rock,promenade.complex,B,3.2,shallow,32.834911,34.973934,yes,no,15,25x6,150,Sarah.Ohayon,Parupeneus.forsskali,1,12,0
410,1048,2025-03-18 00:00:00,2025,spring,bat.galim,out,6,complex.rock,promenade.complex,B,3.2,shallow,32.834911,34.973934,yes,no,15,25x6,150,Sarah.Ohayon,Diplodus.sargus,1,12,0
411,1048,2025-03-18 00:00:00,2025,spring,bat.galim,out,6,complex.rock,promenade.complex,B,3.2,shallow,32.834911,34.973934,yes,no,15,25x6,150,Sarah.Ohayon,Diplodus.sargus,3,14,0
412,1048,2025-03-18 00:00:00,2025,spring,bat.galim,out,6,complex.rock,promenade.complex,B,3.2,shallow,32.834911,34.973934,yes,no,15,25x6,150,Sarah.Ohayon,Diplodus.sargus,3,15,0
413,1049,2025-03-18 00:00:00,2025,spring,bat.galim,out,6,complex.rock,promenade.complex,C,3.2,shallow,32.834911,34.973934,yes,no,15,25x6,150,Sarah.Ohayon,Thalassoma.pavo,1,6,0
414,1049,2025-03-18 00:00:00,2025,spring,bat.galim,out,6,complex.rock,promenade.complex,C,3.2,shallow,32.834911,34.973934,yes,no,15,25x6,150,Sarah.Ohayon,Thalassoma.pavo,1,14,1
415,1049,2025-03-18 00:00:00,2025,spring,bat.galim,out,6,complex.rock,promenade.complex,C,3.2,shallow,32.834911,34.973934,yes,no,15,25x6,150,Sarah.Ohayon,Thalassoma.pavo,3,12,1
416,1049,2025-03-18 00:00:00,2025,spring,bat.galim,out,6,complex.rock,promenade.complex,C,3.2,shallow,32.834911,34.973934,yes,no,15,25x6,150,Sarah.Ohayon,Thalassoma.pavo,8,14,0
417,1049,2025-03-18 00:00:00,2025,spring,bat.galim,out,6,complex.rock,promenade.complex,C,3.2,shallow,32.834911,34.973934,yes,no,15,25x6,150,Sarah.Ohayon,Diplodus.sargus,1,14,1
418,1049,2025-03-18 00:00:00,2025,spring,bat.galim,out,6,complex.rock,promenade.complex,C,3.2,shallow,32.834911,34.973934,yes,no,15,25x6,150,Sarah.Ohayon,Diplodus.sargus,3,14,1
419,1049,2025-03-18 00:00:00,2025,spring,bat.galim,out,6,complex.rock,promenade.complex,C,3.2,shallow,32.834911,34.973934,yes,no,15,25x6,150,Sarah.Ohayon,Diplodus.sargus,8,14,1
420,1049,2025-03-18 00:00:00,2025,spring,bat.galim,out,6,complex.rock,promenade.complex,C,3.2,shallow,32.834911,34.973934,yes,no,15,25x6,150,Sarah.Ohayon,Siganus.rivulatus,2,14,0
421,1049,2025-03-18 00:00:00,2025,spring,bat.galim,out,6,complex.rock,promenade.complex,C,3.2,shallow,32.834911,34.973934,yes,no,15,25x6,150,Sarah.Ohayon,Siganus.rivulatus,3,15,0
422,1050,2025-04-22 00:00:00,2025,spring,bat.galim,out,1,macroalgal.beds,iolr.macroalgae.diverse,A,3,shallow,32.830811,34.960314,yes,no,20,25x6,150,Sarah.Ohayon,no.fish,0,0,0
423,1051,2025-05-11 00:00:00,2025,spring,bat.galim,out,1,macroalgal.beds,iolr.macroalgae.diverse,A,2.5,shallow,32.830811,34.960314,yes,no,18,25x6,150,Sarah.Ohayon,Thalassoma.pavo,2,6,3
424,1052,2025-05-11 00:00:00,2025,spring,bat.galim,out,1,macroalgal.beds,iolr.macroalgae.diverse,B,2.5,shallow,32.830811,34.960314,yes,no,18,25x6,150,Sarah.Ohayon,no.fish,0,0,0
425,1053,2025-05-07 00:00:00,2025,spring,bat.galim,out,7,macroalgal.beds,iolr.sargassum.forest,A,3.6,shallow,32.82887,34.95505,yes,no,22,25x6,150,Shai.Zilberman,Pterois.miles,1,35,3
426,1053,2025-05-07 00:00:00,2025,spring,bat.galim,out,7,macroalgal.beds,iolr.sargassum.forest,A,3.6,shallow,32.82887,34.95505,yes,no,22,25x6,150,Shai.Zilberman,Torquigener.flavimaculosus,1,12,0.2
427,1053,2025-05-07 00:00:00,2025,spring,bat.galim,out,7,macroalgal.beds,iolr.sargassum.forest,A,3.6,shallow,32.82887,34.95505,yes,no,22,25x6,150,Shai.Zilberman,Torquigener.flavimaculosus,1,15,0.2
428,1053,2025-05-07 00:00:00,2025,spring,bat.galim,out,7,macroalgal.beds,iolr.sargassum.forest,A,3.6,shallow,32.82887,34.95505,yes,no,22,25x6,150,Shai.Zilberman,Symphodus.roissali,1,4,1
429,1053,2025-05-07 00:00:00,2025,spring,bat.galim,out,7,macroalgal.beds,iolr.sargassum.forest,A,3.6,shallow,32.82887,34.95505,yes,no,22,25x6,150,Shai.Zilberman,Thalassoma.pavo,1,7,0.3
430,1054,2025-05-07 00:00:00,2025,spring,bat.galim,out,7,macroalgal.beds,iolr.sargassum.forest,B,3.8,shallow,32.82887,34.95505,yes,no,22,25x6,150,Shai.Zilberman,Boops.boops,130,8,2
431,1055,2025-05-07 00:00:00,2025,spring,bat.galim,out,7,macroalgal.beds,iolr.sargassum.forest,C,3.8,shallow,32.82887,34.95505,yes,no,22,25x6,150,Shai.Zilberman,Torquigener.flavimaculosus,1,3,0.1
432,1055,2025-05-07 00:00:00,2025,spring,bat.galim,out,7,macroalgal.beds,iolr.sargassum.forest,C,3.8,shallow,32.82887,34.95505,yes,no,22,25x6,150,Shai.Zilberman,Thalassoma.pavo,1,6,0.3
433,1055,2025-05-07 00:00:00,2025,spring,bat.galim,out,7,macroalgal.beds,iolr.sargassum.forest,C,3.8,shallow,32.82887,34.95505,yes,no,22,25x6,150,Shai.Zilberman,Boops.boops,130,7,3
434,1055,2025-05-07 00:00:00,2025,spring,bat.galim,out,7,macroalgal.beds,iolr.sargassum.forest,C,3.8,shallow,32.82887,34.95505,yes,no,22,25x6,150,Shai.Zilberman,Torquigener.flavimaculosus,1,6,0.1
435,1056,2025-05-07 00:00:00,2025,spring,bat.galim,out,8,complex.rock,iolr.complex.reef,A,4.4,shallow,32.827694,34.953222,yes,no,22,25x6,150,Sarah.Ohayon,Oblada.melanura,10,10,3
436,1056,2025-05-07 00:00:00,2025,spring,bat.galim,out,8,complex.rock,iolr.complex.reef,A,4.4,shallow,32.827694,34.953222,yes,no,22,25x6,150,Sarah.Ohayon,Oblada.melanura,50,12,3
437,1056,2025-05-07 00:00:00,2025,spring,bat.galim,out,8,complex.rock,iolr.complex.reef,A,4.4,shallow,32.827694,34.953222,yes,no,22,25x6,150,Sarah.Ohayon,Oblada.melanura,50,10,3
438,1056,2025-05-07 00:00:00,2025,spring,bat.galim,out,8,complex.rock,iolr.complex.reef,A,4.4,shallow,32.827694,34.953222,yes,no,22,25x6,150,Sarah.Ohayon,Oblada.melanura,50,14,3
439,1056,2025-05-07 00:00:00,2025,spring,bat.galim,out,8,complex.rock,iolr.complex.reef,A,4.4,shallow,32.827694,34.953222,yes,no,22,25x6,150,Sarah.Ohayon,Oblada.melanura,50,15,3
440,1056,2025-05-07 00:00:00,2025,spring,bat.galim,out,8,complex.rock,iolr.complex.reef,A,4.4,shallow,32.827694,34.953222,yes,no,22,25x6,150,Sarah.Ohayon,Oblada.melanura,50,12,3
441,1056,2025-05-07 00:00:00,2025,spring,bat.galim,out,8,complex.rock,iolr.complex.reef,A,4.4,shallow,32.827694,34.953222,yes,no,22,25x6,150,Sarah.Ohayon,Thalassoma.pavo,1,5,0
442,1056,2025-05-07 00:00:00,2025,spring,bat.galim,out,8,complex.rock,iolr.complex.reef,A,4.4,shallow,32.827694,34.953222,yes,no,22,25x6,150,Sarah.Ohayon,Thalassoma.pavo,2,6,0
443,1056,2025-05-07 00:00:00,2025,spring,bat.galim,out,8,complex.rock,iolr.complex.reef,A,4.4,shallow,32.827694,34.953222,yes,no,22,25x6,150,Sarah.Ohayon,Thalassoma.pavo,1,10,0
444,1056,2025-05-07 00:00:00,2025,spring,bat.galim,out,8,complex.rock,iolr.complex.reef,A,4.4,shallow,32.827694,34.953222,yes,no,22,25x6,150,Sarah.Ohayon,Diplodus.sargus,1,8,0
445,1056,2025-05-07 00:00:00,2025,spring,bat.galim,out,8,complex.rock,iolr.complex.reef,A,4.4,shallow,32.827694,34.953222,yes,no,22,25x6,150,Sarah.Ohayon,Diplodus.sargus,1,10,2
446,1056,2025-05-07 00:00:00,2025,spring,bat.galim,out,8,complex.rock,iolr.complex.reef,A,4.4,shallow,32.827694,34.953222,yes,no,22,25x6,150,Sarah.Ohayon,Diplodus.sargus,2,12,0
447,1056,2025-05-07 00:00:00,2025,spring,bat.galim,out,8,complex.rock,iolr.complex.reef,A,4.4,shallow,32.827694,34.953222,yes,no,22,25x6,150,Sarah.Ohayon,Diplodus.sargus,10,14,3
448,1056,2025-05-07 00:00:00,2025,spring,bat.galim,out,8,complex.rock,iolr.complex.reef,A,4.4,shallow,32.827694,34.953222,yes,no,22,25x6,150,Sarah.Ohayon,Diplodus.sargus,2,8,2
449,1056,2025-05-07 00:00:00,2025,spring,bat.galim,out,8,complex.rock,iolr.complex.reef,A,4.4,shallow,32.827694,34.953222,yes,no,22,25x6,150,Sarah.Ohayon,Diplodus.sargus,1,16,3
450,1056,2025-05-07 00:00:00,2025,spring,bat.galim,out,8,complex.rock,iolr.complex.reef,A,4.4,shallow,32.827694,34.953222,yes,no,22,25x6,150,Sarah.Ohayon,Diplodus.sargus,2,8,3
451,1056,2025-05-07 00:00:00,2025,spring,bat.galim,out,8,complex.rock,iolr.complex.reef,A,4.4,shallow,32.827694,34.953222,yes,no,22,25x6,150,Sarah.Ohayon,Diplodus.vulgaris,4,12,2
452,1056,2025-05-07 00:00:00,2025,spring,bat.galim,out,8,complex.rock,iolr.complex.reef,A,4.4,shallow,32.827694,34.953222,yes,no,22,25x6,150,Sarah.Ohayon,Diplodus.cervinus,1,25,4
453,1056,2025-05-07 00:00:00,2025,spring,bat.galim,out,8,complex.rock,iolr.complex.reef,A,4.4,shallow,32.827694,34.953222,yes,no,22,25x6,150,Sarah.Ohayon,Pempheris.vanicolensis,15,14,1
454,1056,2025-05-07 00:00:00,2025,spring,bat.galim,out,8,complex.rock,iolr.complex.reef,A,4.4,shallow,32.827694,34.953222,yes,no,22,25x6,150,Sarah.Ohayon,Lagocephalus.sceleratus,2,45,0
455,1056,2025-05-07 00:00:00,2025,spring,bat.galim,out,8,complex.rock,iolr.complex.reef,A,4.4,shallow,32.827694,34.953222,yes,no,22,25x6,150,Sarah.Ohayon,Pterois.miles,1,28,0
456,1057,2025-05-07 00:00:00,2025,spring,bat.galim,out,8,complex.rock,iolr.complex.reef,B,4.4,shallow,32.827694,34.953222,yes,no,22,25x6,150,Sarah.Ohayon,Thalassoma.pavo,2,7,1
457,1057,2025-05-07 00:00:00,2025,spring,bat.galim,out,8,complex.rock,iolr.complex.reef,B,4.4,shallow,32.827694,34.953222,yes,no,22,25x6,150,Sarah.Ohayon,Thalassoma.pavo,1,7,1
458,1057,2025-05-07 00:00:00,2025,spring,bat.galim,out,8,complex.rock,iolr.complex.reef,B,4.4,shallow,32.827694,34.953222,yes,no,22,25x6,150,Sarah.Ohayon,Thalassoma.pavo,1,8,1
459,1057,2025-05-07 00:00:00,2025,spring,bat.galim,out,8,complex.rock,iolr.complex.reef,B,4.4,shallow,32.827694,34.953222,yes,no,22,25x6,150,Sarah.Ohayon,Thalassoma.pavo,1,6,1
460,1057,2025-05-07 00:00:00,2025,spring,bat.galim,out,8,complex.rock,iolr.complex.reef,B,4.4,shallow,32.827694,34.953222,yes,no,22,25x6,150,Sarah.Ohayon,Diplodus.sargus,1,8,2
461,1057,2025-05-07 00:00:00,2025,spring,bat.galim,out,8,complex.rock,iolr.complex.reef,B,4.4,shallow,32.827694,34.953222,yes,no,22,25x6,150,Sarah.Ohayon,Diplodus.sargus,8,12,2
462,1057,2025-05-07 00:00:00,2025,spring,bat.galim,out,8,complex.rock,iolr.complex.reef,B,4.4,shallow,32.827694,34.953222,yes,no,22,25x6,150,Sarah.Ohayon,Diplodus.sargus,2,12,3
463,1057,2025-05-07 00:00:00,2025,spring,bat.galim,out,8,complex.rock,iolr.complex.reef,B,4.4,shallow,32.827694,34.953222,yes,no,22,25x6,150,Sarah.Ohayon,Diplodus.sargus,15,14,3
464,1057,2025-05-07 00:00:00,2025,spring,bat.galim,out,8,complex.rock,iolr.complex.reef,B,4.4,shallow,32.827694,34.953222,yes,no,22,25x6,150,Sarah.Ohayon,Diplodus.sargus,8,15,3
465,1057,2025-05-07 00:00:00,2025,spring,bat.galim,out,8,complex.rock,iolr.complex.reef,B,4.4,shallow,32.827694,34.953222,yes,no,22,25x6,150,Sarah.Ohayon,Oblada.melanura,20,12,3
466,1057,2025-05-07 00:00:00,2025,spring,bat.galim,out,8,complex.rock,iolr.complex.reef,B,4.4,shallow,32.827694,34.953222,yes,no,22,25x6,150,Sarah.Ohayon,Oblada.melanura,100,12,5
467,1057,2025-05-07 00:00:00,2025,spring,bat.galim,out,8,complex.rock,iolr.complex.reef,B,4.4,shallow,32.827694,34.953222,yes,no,22,25x6,150,Sarah.Ohayon,Oblada.melanura,100,14,5
468,1057,2025-05-07 00:00:00,2025,spring,bat.galim,out,8,complex.rock,iolr.complex.reef,B,4.4,shallow,32.827694,34.953222,yes,no,22,25x6,150,Sarah.Ohayon,Pterois.miles,1,35,5
469,1057,2025-05-07 00:00:00,2025,spring,bat.galim,out,8,complex.rock,iolr.complex.reef,B,4.4,shallow,32.827694,34.953222,yes,no,22,25x6,150,Sarah.Ohayon,Siganus.rivulatus,50,10,3
470,1057,2025-05-07 00:00:00,2025,spring,bat.galim,out,8,complex.rock,iolr.complex.reef,B,4.4,shallow,32.827694,34.953222,yes,no,22,25x6,150,Sarah.Ohayon,Siganus.rivulatus,50,12,3
471,1057,2025-05-07 00:00:00,2025,spring,bat.galim,out,8,complex.rock,iolr.complex.reef,B,4.4,shallow,32.827694,34.953222,yes,no,22,25x6,150,Sarah.Ohayon,Siganus.rivulatus,30,14,3
472,1057,2025-05-07 00:00:00,2025,spring,bat.galim,out,8,complex.rock,iolr.complex.reef,B,4.4,shallow,32.827694,34.953222,yes,no,22,25x6,150,Sarah.Ohayon,Siganus.rivulatus,50,12,3
473,1057,2025-05-07 00:00:00,2025,spring,bat.galim,out,8,complex.rock,iolr.complex.reef,B,4.4,shallow,32.827694,34.953222,yes,no,22,25x6,150,Sarah.Ohayon,Diplodus.vulgaris,1,10,3
474,1057,2025-05-07 00:00:00,2025,spring,bat.galim,out,8,complex.rock,iolr.complex.reef,B,4.4,shallow,32.827694,34.953222,yes,no,22,25x6,150,Sarah.Ohayon,Scarus.ghobban,4,50,4
475,1058,2025-05-07 00:00:00,2025,spring,bat.galim,out,8,complex.rock,iolr.complex.reef,C,4.4,shallow,32.827694,34.953222,yes,no,22,25x6,150,Sarah.Ohayon,Oblada.melanura,100,12,3
476,1058,2025-05-07 00:00:00,2025,spring,bat.galim,out,8,complex.rock,iolr.complex.reef,C,4.4,shallow,32.827694,34.953222,yes,no,22,25x6,150,Sarah.Ohayon,Oblada.melanura,100,14,3
477,1058,2025-05-07 00:00:00,2025,spring,bat.galim,out,8,complex.rock,iolr.complex.reef,C,4.4,shallow,32.827694,34.953222,yes,no,22,25x6,150,Sarah.Ohayon,Oblada.melanura,100,16,3
478,1058,2025-05-07 00:00:00,2025,spring,bat.galim,out,8,complex.rock,iolr.complex.reef,C,4.4,shallow,32.827694,34.953222,yes,no,22,25x6,150,Sarah.Ohayon,Oblada.melanura,100,13,3
479,1058,2025-05-07 00:00:00,2025,spring,bat.galim,out,8,complex.rock,iolr.complex.reef,C,4.4,shallow,32.827694,34.953222,yes,no,22,25x6,150,Sarah.Ohayon,Diplodus.sargus,10,14,2
480,1058,2025-05-07 00:00:00,2025,spring,bat.galim,out,8,complex.rock,iolr.complex.reef,C,4.4,shallow,32.827694,34.953222,yes,no,22,25x6,150,Sarah.Ohayon,Diplodus.sargus,10,14,2
481,1058,2025-05-07 00:00:00,2025,spring,bat.galim,out,8,complex.rock,iolr.complex.reef,C,4.4,shallow,32.827694,34.953222,yes,no,22,25x6,150,Sarah.Ohayon,Diplodus.sargus,1,16,3
482,1058,2025-05-07 00:00:00,2025,spring,bat.galim,out,8,complex.rock,iolr.complex.reef,C,4.4,shallow,32.827694,34.953222,yes,no,22,25x6,150,Sarah.Ohayon,Diplodus.sargus,1,16,3
483,1058,2025-05-07 00:00:00,2025,spring,bat.galim,out,8,complex.rock,iolr.complex.reef,C,4.4,shallow,32.827694,34.953222,yes,no,22,25x6,150,Sarah.Ohayon,Diplodus.sargus,1,10,3
484,1058,2025-05-07 00:00:00,2025,spring,bat.galim,out,8,complex.rock,iolr.complex.reef,C,4.4,shallow,32.827694,34.953222,yes,no,22,25x6,150,Sarah.Ohayon,Diplodus.sargus,3,14,3
485,1058,2025-05-07 00:00:00,2025,spring,bat.galim,out,8,complex.rock,iolr.complex.reef,C,4.4,shallow,32.827694,34.953222,yes,no,22,25x6,150,Sarah.Ohayon,Diplodus.sargus,1,16,3
486,1058,2025-05-07 00:00:00,2025,spring,bat.galim,out,8,complex.rock,iolr.complex.reef,C,4.4,shallow,32.827694,34.953222,yes,no,22,25x6,150,Sarah.Ohayon,Diplodus.sargus,3,10,3
487,1058,2025-05-07 00:00:00,2025,spring,bat.galim,out,8,complex.rock,iolr.complex.reef,C,4.4,shallow,32.827694,34.953222,yes,no,22,25x6,150,Sarah.Ohayon,Chromis.chromis,1,6,4
488,1058,2025-05-07 00:00:00,2025,spring,bat.galim,out,8,complex.rock,iolr.complex.reef,C,4.4,shallow,32.827694,34.953222,yes,no,22,25x6,150,Sarah.Ohayon,Diplodus.vulgaris,3,10,3
489,1058,2025-05-07 00:00:00,2025,spring,bat.galim,out,8,complex.rock,iolr.complex.reef,C,4.4,shallow,32.827694,34.953222,yes,no,22,25x6,150,Sarah.Ohayon,Diplodus.vulgaris,1,12,2
490,1058,2025-05-07 00:00:00,2025,spring,bat.galim,out,8,complex.rock,iolr.complex.reef,C,4.4,shallow,32.827694,34.953222,yes,no,22,25x6,150,Sarah.Ohayon,Diplodus.vulgaris,1,14,3
491,1058,2025-05-07 00:00:00,2025,spring,bat.galim,out,8,complex.rock,iolr.complex.reef,C,4.4,shallow,32.827694,34.953222,yes,no,22,25x6,150,Sarah.Ohayon,Diplodus.vulgaris,2,10,3
492,1058,2025-05-07 00:00:00,2025,spring,bat.galim,out,8,complex.rock,iolr.complex.reef,C,4.4,shallow,32.827694,34.953222,yes,no,22,25x6,150,Sarah.Ohayon,Diplodus.cervinus,1,14,3
493,1058,2025-05-07 00:00:00,2025,spring,bat.galim,out,8,complex.rock,iolr.complex.reef,C,4.4,shallow,32.827694,34.953222,yes,no,22,25x6,150,Sarah.Ohayon,Pempheris.vanicolensis,20,15,0.5
494,1058,2025-05-07 00:00:00,2025,spring,bat.galim,out,8,complex.rock,iolr.complex.reef,C,4.4,shallow,32.827694,34.953222,yes,no,22,25x6,150,Sarah.Ohayon,Siganus.rivulatus,1,10,3
495,1058,2025-05-07 00:00:00,2025,spring,bat.galim,out,8,complex.rock,iolr.complex.reef,C,4.4,shallow,32.827694,34.953222,yes,no,22,25x6,150,Sarah.Ohayon,Siganus.rivulatus,1,12,3
496,1058,2025-05-07 00:00:00,2025,spring,bat.galim,out,8,complex.rock,iolr.complex.reef,C,4.4,shallow,32.827694,34.953222,yes,no,22,25x6,150,Sarah.Ohayon,Thalassoma.pavo,1,6,1
497,1058,2025-05-07 00:00:00,2025,spring,bat.galim,out,8,complex.rock,iolr.complex.reef,C,4.4,shallow,32.827694,34.953222,yes,no,22,25x6,150,Sarah.Ohayon,Thalassoma.pavo,2,10,1
498,1059,2025-05-07 00:00:00,2025,spring,bat.galim,out,9,complex.rock,surfers.bay.complex,A,5.6,shallow,32.836301,34.966416,yes,no,15,25x6,150,Sarah.Ohayon,Siganus.luridus,2,14,2
499,1059,2025-05-07 00:00:00,2025,spring,bat.galim,out,9,complex.rock,surfers.bay.complex,A,5.6,shallow,32.836301,34.966416,yes,no,15,25x6,150,Sarah.Ohayon,Siganus.luridus,3,8,2
500,1059,2025-05-07 00:00:00,2025,spring,bat.galim,out,9,complex.rock,surfers.bay.complex,A,5.6,shallow,32.836301,34.966416,yes,no,15,25x6,150,Sarah.Ohayon,Siganus.luridus,1,10,2
501,1059,2025-05-07 00:00:00,2025,spring,bat.galim,out,9,complex.rock,surfers.bay.complex,A,5.6,shallow,32.836301,34.966416,yes,no,15,25x6,150,Sarah.Ohayon,Siganus.luridus,1,14,2
502,1059,2025-05-07 00:00:00,2025,spring,bat.galim,out,9,complex.rock,surfers.bay.complex,A,5.6,shallow,32.836301,34.966416,yes,no,15,25x6,150,Sarah.Ohayon,Siganus.rivulatus,6,12,3
503,1059,2025-05-07 00:00:00,2025,spring,bat.galim,out,9,complex.rock,surfers.bay.complex,A,5.6,shallow,32.836301,34.966416,yes,no,15,25x6,150,Sarah.Ohayon,Siganus.rivulatus,12,10,3
504,1059,2025-05-07 00:00:00,2025,spring,bat.galim,out,9,complex.rock,surfers.bay.complex,A,5.6,shallow,32.836301,34.966416,yes,no,15,25x6,150,Sarah.Ohayon,Siganus.rivulatus,2,12,2
505,1059,2025-05-07 00:00:00,2025,spring,bat.galim,out,9,complex.rock,surfers.bay.complex,A,5.6,shallow,32.836301,34.966416,yes,no,15,25x6,150,Sarah.Ohayon,Siganus.rivulatus,24,12,3
506,1059,2025-05-07 00:00:00,2025,spring,bat.galim,out,9,complex.rock,surfers.bay.complex,A,5.6,shallow,32.836301,34.966416,yes,no,15,25x6,150,Sarah.Ohayon,Chromis.chromis,2,7,3
507,1059,2025-05-07 00:00:00,2025,spring,bat.galim,out,9,complex.rock,surfers.bay.complex,A,5.6,shallow,32.836301,34.966416,yes,no,15,25x6,150,Sarah.Ohayon,Chromis.chromis,6,8,3
508,1059,2025-05-07 00:00:00,2025,spring,bat.galim,out,9,complex.rock,surfers.bay.complex,A,5.6,shallow,32.836301,34.966416,yes,no,15,25x6,150,Sarah.Ohayon,Chromis.chromis,6,7,3
509,1059,2025-05-07 00:00:00,2025,spring,bat.galim,out,9,complex.rock,surfers.bay.complex,A,5.6,shallow,32.836301,34.966416,yes,no,15,25x6,150,Sarah.Ohayon,Thalassoma.pavo,1,6,1
510,1059,2025-05-07 00:00:00,2025,spring,bat.galim,out,9,complex.rock,surfers.bay.complex,A,5.6,shallow,32.836301,34.966416,yes,no,15,25x6,150,Sarah.Ohayon,Thalassoma.pavo,1,8,1
511,1059,2025-05-07 00:00:00,2025,spring,bat.galim,out,9,complex.rock,surfers.bay.complex,A,5.6,shallow,32.836301,34.966416,yes,no,15,25x6,150,Sarah.Ohayon,Diplodus.sargus,1,4,0
512,1059,2025-05-07 00:00:00,2025,spring,bat.galim,out,9,complex.rock,surfers.bay.complex,A,5.6,shallow,32.836301,34.966416,yes,no,15,25x6,150,Sarah.Ohayon,Diplodus.sargus,1,3,0
513,1059,2025-05-07 00:00:00,2025,spring,bat.galim,out,9,complex.rock,surfers.bay.complex,A,5.6,shallow,32.836301,34.966416,yes,no,15,25x6,150,Sarah.Ohayon,Diplodus.sargus,10,3,0
514,1059,2025-05-07 00:00:00,2025,spring,bat.galim,out,9,complex.rock,surfers.bay.complex,A,5.6,shallow,32.836301,34.966416,yes,no,15,25x6,150,Sarah.Ohayon,Diplodus.sargus,2,4,0
515,1059,2025-05-07 00:00:00,2025,spring,bat.galim,out,9,complex.rock,surfers.bay.complex,A,5.6,shallow,32.836301,34.966416,yes,no,15,25x6,150,Sarah.Ohayon,Diplodus.sargus,2,5,0
516,1059,2025-05-07 00:00:00,2025,spring,bat.galim,out,9,complex.rock,surfers.bay.complex,A,5.6,shallow,32.836301,34.966416,yes,no,15,25x6,150,Sarah.Ohayon,Epinephelus.marginatus,1,14,2
517,1059,2025-05-07 00:00:00,2025,spring,bat.galim,out,9,complex.rock,surfers.bay.complex,A,5.6,shallow,32.836301,34.966416,yes,no,15,25x6,150,Sarah.Ohayon,Epinephelus.marginatus,1,16,2
518,1059,2025-05-07 00:00:00,2025,spring,bat.galim,out,9,complex.rock,surfers.bay.complex,A,5.6,shallow,32.836301,34.966416,yes,no,15,25x6,150,Sarah.Ohayon,Epinephelus.marginatus,1,10,2
519,1059,2025-05-07 00:00:00,2025,spring,bat.galim,out,9,complex.rock,surfers.bay.complex,A,5.6,shallow,32.836301,34.966416,yes,no,15,25x6,150,Sarah.Ohayon,Sargocentron.rubrum,2,12,1
520,1059,2025-05-07 00:00:00,2025,spring,bat.galim,out,9,complex.rock,surfers.bay.complex,A,5.6,shallow,32.836301,34.966416,yes,no,15,25x6,150,Sarah.Ohayon,Sargocentron.rubrum,1,13,1
521,1060,2025-05-07 00:00:00,2025,spring,bat.galim,out,9,complex.rock,surfers.bay.complex,B,5.8,shallow,32.836301,34.966416,yes,no,15,25x6,150,Sarah.Ohayon,Mycteroperca.rubra,1,17,2
522,1060,2025-05-07 00:00:00,2025,spring,bat.galim,out,9,complex.rock,surfers.bay.complex,B,5.8,shallow,32.836301,34.966416,yes,no,15,25x6,150,Sarah.Ohayon,Chromis.chromis,1,7,1
523,1060,2025-05-07 00:00:00,2025,spring,bat.galim,out,9,complex.rock,surfers.bay.complex,B,5.8,shallow,32.836301,34.966416,yes,no,15,25x6,150,Sarah.Ohayon,Chromis.chromis,2,7,2
524,1060,2025-05-07 00:00:00,2025,spring,bat.galim,out,9,complex.rock,surfers.bay.complex,B,5.8,shallow,32.836301,34.966416,yes,no,15,25x6,150,Sarah.Ohayon,Chromis.chromis,3,7,1
525,1060,2025-05-07 00:00:00,2025,spring,bat.galim,out,9,complex.rock,surfers.bay.complex,B,5.8,shallow,32.836301,34.966416,yes,no,15,25x6,150,Sarah.Ohayon,Chromis.chromis,1,8,2
526,1060,2025-05-07 00:00:00,2025,spring,bat.galim,out,9,complex.rock,surfers.bay.complex,B,5.8,shallow,32.836301,34.966416,yes,no,15,25x6,150,Sarah.Ohayon,Sargocentron.rubrum,2,15,0
527,1060,2025-05-07 00:00:00,2025,spring,bat.galim,out,9,complex.rock,surfers.bay.complex,B,5.8,shallow,32.836301,34.966416,yes,no,15,25x6,150,Sarah.Ohayon,Thalassoma.pavo,1,6,1
528,1060,2025-05-07 00:00:00,2025,spring,bat.galim,out,9,complex.rock,surfers.bay.complex,B,5.8,shallow,32.836301,34.966416,yes,no,15,25x6,150,Sarah.Ohayon,Thalassoma.pavo,1,7,1
529,1060,2025-05-07 00:00:00,2025,spring,bat.galim,out,9,complex.rock,surfers.bay.complex,B,5.8,shallow,32.836301,34.966416,yes,no,15,25x6,150,Sarah.Ohayon,Thalassoma.pavo,1,7,1
530,1060,2025-05-07 00:00:00,2025,spring,bat.galim,out,9,complex.rock,surfers.bay.complex,B,5.8,shallow,32.836301,34.966416,yes,no,15,25x6,150,Sarah.Ohayon,Thalassoma.pavo,1,8,1
531,1061,2025-05-07 00:00:00,2025,spring,bat.galim,out,9,complex.rock,surfers.bay.complex,C,5.6,shallow,32.836301,34.966416,yes,no,15,25x6,150,Sarah.Ohayon,Siganus.rivulatus,1,14,2
532,1061,2025-05-07 00:00:00,2025,spring,bat.galim,out,9,complex.rock,surfers.bay.complex,C,5.6,shallow,32.836301,34.966416,yes,no,15,25x6,150,Sarah.Ohayon,Siganus.rivulatus,4,15,3
533,1061,2025-05-07 00:00:00,2025,spring,bat.galim,out,9,complex.rock,surfers.bay.complex,C,5.6,shallow,32.836301,34.966416,yes,no,15,25x6,150,Sarah.Ohayon,Siganus.rivulatus,4,12,2
534,1061,2025-05-07 00:00:00,2025,spring,bat.galim,out,9,complex.rock,surfers.bay.complex,C,5.6,shallow,32.836301,34.966416,yes,no,15,25x6,150,Sarah.Ohayon,Siganus.rivulatus,1,16,1
535,1061,2025-05-07 00:00:00,2025,spring,bat.galim,out,9,complex.rock,surfers.bay.complex,C,5.6,shallow,32.836301,34.966416,yes,no,15,25x6,150,Sarah.Ohayon,Thalassoma.pavo,1,6,1
536,1061,2025-05-07 00:00:00,2025,spring,bat.galim,out,9,complex.rock,surfers.bay.complex,C,5.6,shallow,32.836301,34.966416,yes,no,15,25x6,150,Sarah.Ohayon,Thalassoma.pavo,1,7,1
537,1061,2025-05-07 00:00:00,2025,spring,bat.galim,out,9,complex.rock,surfers.bay.complex,C,5.6,shallow,32.836301,34.966416,yes,no,15,25x6,150,Sarah.Ohayon,Epinephelus.marginatus,1,16,2
538,1061,2025-05-07 00:00:00,2025,spring,bat.galim,out,9,complex.rock,surfers.bay.complex,C,5.6,shallow,32.836301,34.966416,yes,no,15,25x6,150,Sarah.Ohayon,Epinephelus.marginatus,1,15,2
539,1061,2025-05-07 00:00:00,2025,spring,bat.galim,out,9,complex.rock,surfers.bay.complex,C,5.6,shallow,32.836301,34.966416,yes,no,15,25x6,150,Sarah.Ohayon,Epinephelus.marginatus,1,15,2
540,1061,2025-05-07 00:00:00,2025,spring,bat.galim,out,9,complex.rock,surfers.bay.complex,C,5.6,shallow,32.836301,34.966416,yes,no,15,25x6,150,Sarah.Ohayon,Pomacanthus.maculosus,1,25,1
541,1061,2025-05-07 00:00:00,2025,spring,bat.galim,out,9,complex.rock,surfers.bay.complex,C,5.6,shallow,32.836301,34.966416,yes,no,15,25x6,150,Sarah.Ohayon,Pterois.miles,1,25,1
542,1061,2025-05-07 00:00:00,2025,spring,bat.galim,out,9,complex.rock,surfers.bay.complex,C,5.6,shallow,32.836301,34.966416,yes,no,15,25x6,150,Sarah.Ohayon,Sargocentron.rubrum,5,16,1
543,1061,2025-05-07 00:00:00,2025,spring,bat.galim,out,9,complex.rock,surfers.bay.complex,C,5.6,shallow,32.836301,34.966416,yes,no,15,25x6,150,Sarah.Ohayon,Sargocentron.rubrum,2,15,1
544,1061,2025-05-07 00:00:00,2025,spring,bat.galim,out,9,complex.rock,surfers.bay.complex,C,5.6,shallow,32.836301,34.966416,yes,no,15,25x6,150,Sarah.Ohayon,Chromis.chromis,8,6,1
545,1061,2025-05-07 00:00:00,2025,spring,bat.galim,out,9,complex.rock,surfers.bay.complex,C,5.6,shallow,32.836301,34.966416,yes,no,15,25x6,150,Sarah.Ohayon,Siganus.luridus,2,12,2
546,1062,2025-05-07 00:00:00,2025,spring,bat.galim,out,9,complex.rock,surfers.bay.complex,D,5,shallow,32.836301,34.966416,yes,no,15,25x6,150,Sarah.Ohayon,Chromis.chromis,50,7,2
547,1062,2025-05-07 00:00:00,2025,spring,bat.galim,out,9,complex.rock,surfers.bay.complex,D,5,shallow,32.836301,34.966416,yes,no,15,25x6,150,Sarah.Ohayon,Chromis.chromis,10,6,2
548,1062,2025-05-07 00:00:00,2025,spring,bat.galim,out,9,complex.rock,surfers.bay.complex,D,5,shallow,32.836301,34.966416,yes,no,15,25x6,150,Sarah.Ohayon,Thalassoma.pavo,1,7,0
549,1062,2025-05-07 00:00:00,2025,spring,bat.galim,out,9,complex.rock,surfers.bay.complex,D,5,shallow,32.836301,34.966416,yes,no,15,25x6,150,Sarah.Ohayon,Thalassoma.pavo,1,8,0
550,1062,2025-05-07 00:00:00,2025,spring,bat.galim,out,9,complex.rock,surfers.bay.complex,D,5,shallow,32.836301,34.966416,yes,no,15,25x6,150,Sarah.Ohayon,Parupeneus.forsskali,1,16,1
551,1062,2025-05-07 00:00:00,2025,spring,bat.galim,out,9,complex.rock,surfers.bay.complex,D,5,shallow,32.836301,34.966416,yes,no,15,25x6,150,Sarah.Ohayon,Siganus.rivulatus,10,12,2
552,1062,2025-05-07 00:00:00,2025,spring,bat.galim,out,9,complex.rock,surfers.bay.complex,D,5,shallow,32.836301,34.966416,yes,no,15,25x6,150,Sarah.Ohayon,Siganus.rivulatus,10,14,2
553,1062,2025-05-07 00:00:00,2025,spring,bat.galim,out,9,complex.rock,surfers.bay.complex,D,5,shallow,32.836301,34.966416,yes,no,15,25x6,150,Sarah.Ohayon,Siganus.rivulatus,10,15,2
554,1062,2025-05-07 00:00:00,2025,spring,bat.galim,out,9,complex.rock,surfers.bay.complex,D,5,shallow,32.836301,34.966416,yes,no,15,25x6,150,Sarah.Ohayon,Epinephelus.marginatus,1,20,1
555,1063,2025-05-07 00:00:00,2025,spring,bat.galim,out,4,macroalgal.beds,surfers.bay.macroalgae,A,1.6,shallow,32.834016,34.967899,yes,no,15,25x6,150,Shai.Zilberman,no.fish,0,0,0
556,1064,2025-05-07 00:00:00,2025,spring,bat.galim,out,4,macroalgal.beds,surfers.bay.macroalgae,B,1.6,shallow,32.834016,34.967899,yes,no,15,25x6,150,Shai.Zilberman,Thalassoma.pavo,1,6,1.2
557,1065,2025-05-07 00:00:00,2025,spring,bat.galim,out,4,macroalgal.beds,surfers.bay.macroalgae,C,1.6,shallow,32.834016,34.967899,yes,no,15,25x6,150,Shai.Zilberman,no.fish,0,0,0
558,1066,2025-05-26 00:00:00,2025,spring,bat.galim,out,10,macroalgal.beds,island.sargassum,A,2.4,shallow,32.834039,34.970573,yes,no,20,25x6,150,Sarah.Ohayon,Diplodus.sargus,1,2,0
559,1067,2025-05-26 00:00:00,2025,spring,bat.galim,out,10,macroalgal.beds,island.sargassum,B,2.4,shallow,32.834039,34.970573,yes,no,20,25x6,150,Sarah.Ohayon,Parablennius sp.,1,4,0
560,1068,2025-05-26 00:00:00,2025,spring,bat.galim,out,5,macroalgal.beds,promenade.macroalgae,A,1.6,shallow,32.833754,34.973627,yes,no,15,25x6,150,Sarah.Ohayon,Parablennius sp.,1,5,0
561,1069,2025-05-26 00:00:00,2025,spring,bat.galim,out,5,macroalgal.beds,promenade.macroalgae,B,1.6,shallow,32.833754,34.973627,yes,no,15,25x6,150,Sarah.Ohayon,Thalassoma.pavo,2,10,1
562,1069,2025-05-26 00:00:00,2025,spring,bat.galim,out,5,macroalgal.beds,promenade.macroalgae,B,1.6,shallow,32.833754,34.973627,yes,no,15,25x6,150,Sarah.Ohayon,Thalassoma.pavo,2,6,1
563,1069,2025-05-26 00:00:00,2025,spring,bat.galim,out,5,macroalgal.beds,promenade.macroalgae,B,1.6,shallow,32.833754,34.973627,yes,no,15,25x6,150,Sarah.Ohayon,Thalassoma.pavo,2,5,1
564,1069,2025-05-26 00:00:00,2025,spring,bat.galim,out,5,macroalgal.beds,promenade.macroalgae,B,1.6,shallow,32.833754,34.973627,yes,no,15,25x6,150,Sarah.Ohayon,Thalassoma.pavo,1,7,1
565,1069,2025-05-26 00:00:00,2025,spring,bat.galim,out,5,macroalgal.beds,promenade.macroalgae,B,1.6,shallow,32.833754,34.973627,yes,no,15,25x6,150,Sarah.Ohayon,Siganus.rivulatus,4,5,0
566,1069,2025-05-26 00:00:00,2025,spring,bat.galim,out,5,macroalgal.beds,promenade.macroalgae,B,1.6,shallow,32.833754,34.973627,yes,no,15,25x6,150,Sarah.Ohayon,Siganus.rivulatus,2,6,0
567,1069,2025-05-26 00:00:00,2025,spring,bat.galim,out,5,macroalgal.beds,promenade.macroalgae,B,1.6,shallow,32.833754,34.973627,yes,no,15,25x6,150,Sarah.Ohayon,Parupeneus.forsskali,3,6,0
568,1069,2025-05-26 00:00:00,2025,spring,bat.galim,out,5,macroalgal.beds,promenade.macroalgae,B,1.6,shallow,32.833754,34.973627,yes,no,15,25x6,150,Sarah.Ohayon,Parupeneus.forsskali,2,7,0
