transect_id,date,year,season,location,reserve,site_n,habitat,discription,trans_letter,depth,depth_category,visibilty,observer_habitat,observer_algae,distance,habitat_type,habitat_type_num,complexity_level,special_rock_features,special_rock_features_no,algae.dominent,gongolaria_height,gongolaria_no_indivdual,sargassum_height,sargassum_no_indivdual,terf_height
1001,2024-06-05 00:00:00,2024,spring,bat.galim,out,1,macroalgal.beds,iolr.macroalgae.diverse,A,2,shallow,13,Sarah.Ohayon,Yuval.sonego,30,R,1,1,,,gongolaria.rayssiae,17,5,,,
1001,2024-06-05 00:00:00,2024,spring,bat.galim,out,1,macroalgal.beds,iolr.macroalgae.diverse,A,2,shallow,13,Sarah.Ohayon,Yuval.sonego,27,R,1,1,,,gongolaria.rayssiae,10,2,,,
1001,2024-06-05 00:00:00,2024,spring,bat.galim,out,1,macroalgal.beds,iolr.macroalgae.diverse,A,2,shallow,13,Sarah.Ohayon,Yuval.sonego,24,R,1,1,,,gongolaria.rayssiae,12,2,,,
1001,2024-06-05 00:00:00,2024,spring,bat.galim,out,1,macroalgal.beds,iolr.macroalgae.diverse,A,2,shallow,13,Sarah.Ohayon,Yuval.sonego,21,R,1,1,,,gongolaria.rayssiae,16,3,,,
1001,2024-06-05 00:00:00,2024,spring,bat.galim,out,1,macroalgal.beds,iolr.macroalgae.diverse,A,2,shallow,13,Sarah.Ohayon,Yuval.sonego,18,R,1,1,,,gongolaria.rayssiae,15,5,,,
1001,2024-06-05 00:00:00,2024,spring,bat.galim,out,1,macroalgal.beds,iolr.macroalgae.diverse,A,2,shallow,13,Sarah.Ohayon,Yuval.sonego,15,R,1,1,P,1,gongolaria.rayssiae,9,2,,,
1001,2024-06-05 00:00:00,2024,spring,bat.galim,out,1,macroalgal.beds,iolr.macroalgae.diverse,A,2,shallow,13,Sarah.Ohayon,Yuval.sonego,12,R,1,1,,,gongolaria.rayssiae,4,4,,,
1001,2024-06-05 00:00:00,2024,spring,bat.galim,out,1,macroalgal.beds,iolr.macroalgae.diverse,A,2,shallow,13,Sarah.Ohayon,Yuval.sonego,9,R,1,1,,,gongolaria.rayssiae,9,3,,,
1001,2024-06-05 00:00:00,2024,spring,bat.galim,out,1,macroalgal.beds,iolr.macroalgae.diverse,A,2,shallow,13,Sarah.Ohayon,Yuval.sonego,6,R,1,1,,,gongolaria.rayssiae,9,5,,,
1002,2024-06-05 00:00:00,2024,spring,bat.galim,out,1,macroalgal.beds,iolr.macroalgae.diverse,B,1.5,shallow,13,Sarah.Ohayon,Yuval.sonego,30,R,1,1,,,gongolaria.rayssiae,13,7,,,
1002,2024-06-05 00:00:00,2024,spring,bat.galim,out,1,macroalgal.beds,iolr.macroalgae.diverse,B,1.5,shallow,13,Sarah.Ohayon,Yuval.sonego,27,R,1,1,,,gongolaria.rayssiae,4,4,,,
1002,2024-06-05 00:00:00,2024,spring,bat.galim,out,1,macroalgal.beds,iolr.macroalgae.diverse,B,1.5,shallow,13,Sarah.Ohayon,Yuval.sonego,24,R,1,1,,,gongolaria.rayssiae,8,2,,,
1002,2024-06-05 00:00:00,2024,spring,bat.galim,out,1,macroalgal.beds,iolr.macroalgae.diverse,B,1.5,shallow,13,Sarah.Ohayon,Yuval.sonego,21,R,1,1,,,gongolaria.rayssiae,24,3,,,
1002,2024-06-05 00:00:00,2024,spring,bat.galim,out,1,macroalgal.beds,iolr.macroalgae.diverse,B,1.5,shallow,13,Sarah.Ohayon,Yuval.sonego,18,R,1,1,,,gongolaria.rayssiae,21,7,,,
1002,2024-06-05 00:00:00,2024,spring,bat.galim,out,1,macroalgal.beds,iolr.macroalgae.diverse,B,1.5,shallow,13,Sarah.Ohayon,Yuval.sonego,15,R,1,2,,,gongolaria.rayssiae,16,5,,,
1002,2024-06-05 00:00:00,2024,spring,bat.galim,out,1,macroalgal.beds,iolr.macroalgae.diverse,B,1.5,shallow,13,Sarah.Ohayon,Yuval.sonego,12,R,1,2,,,gongolaria.rayssiae,14,5,,,
1002,2024-06-05 00:00:00,2024,spring,bat.galim,out,1,macroalgal.beds,iolr.macroalgae.diverse,B,1.5,shallow,13,Sarah.Ohayon,Yuval.sonego,9,R,1,1,,,gongolaria.rayssiae,9,4,,,
1002,2024-06-05 00:00:00,2024,spring,bat.galim,out,1,macroalgal.beds,iolr.macroalgae.diverse,B,1.5,shallow,13,Sarah.Ohayon,Yuval.sonego,6,R,1,1,,,gongolaria.rayssiae,10,5,,,
1003,2024-06-05 00:00:00,2024,spring,bat.galim,out,1,macroalgal.beds,iolr.macroalgae.diverse,C,1.5,shallow,13,Sarah.Ohayon,Yuval.sonego,30,R,1,2,,,gongolaria.rayssiae,22,9,,,
1003,2024-06-05 00:00:00,2024,spring,bat.galim,out,1,macroalgal.beds,iolr.macroalgae.diverse,C,1.5,shallow,13,Sarah.Ohayon,Yuval.sonego,27,R,1,2,,,gongolaria.rayssiae,21,10,,,
1003,2024-06-05 00:00:00,2024,spring,bat.galim,out,1,macroalgal.beds,iolr.macroalgae.diverse,C,1.5,shallow,13,Sarah.Ohayon,Yuval.sonego,24,R,1,2,,,gongolaria.rayssiae,14,6,,,
1003,2024-06-05 00:00:00,2024,spring,bat.galim,out,1,macroalgal.beds,iolr.macroalgae.diverse,C,1.5,shallow,13,Sarah.Ohayon,Yuval.sonego,21,R,1,1,P,1,gongolaria.rayssiae,18,7,,,
1003,2024-06-05 00:00:00,2024,spring,bat.galim,out,1,macroalgal.beds,iolr.macroalgae.diverse,C,1.5,shallow,13,Sarah.Ohayon,Yuval.sonego,18,R,1,1,,,gongolaria.rayssiae,17,7,,,
1003,2024-06-05 00:00:00,2024,spring,bat.galim,out,1,macroalgal.beds,iolr.macroalgae.diverse,C,1.5,shallow,13,Sarah.Ohayon,Yuval.sonego,15,R,1,1,,,gongolaria.rayssiae,17,5,,,
1003,2024-06-05 00:00:00,2024,spring,bat.galim,out,1,macroalgal.beds,iolr.macroalgae.diverse,C,1.5,shallow,13,Sarah.Ohayon,Yuval.sonego,12,R,1,1,,,gongolaria.rayssiae,9,7,,,
1003,2024-06-05 00:00:00,2024,spring,bat.galim,out,1,macroalgal.beds,iolr.macroalgae.diverse,C,1.5,shallow,13,Sarah.Ohayon,Yuval.sonego,9,R,1,1,,,gongolaria.rayssiae,7,8,,,
1003,2024-06-05 00:00:00,2024,spring,bat.galim,out,1,macroalgal.beds,iolr.macroalgae.diverse,C,1.5,shallow,13,Sarah.Ohayon,Yuval.sonego,6,R,1,1,,,gongolaria.rayssiae,16,10,,,
1004,2024-06-05 00:00:00,2024,spring,bat.galim,out,1,macroalgal.beds,iolr.macroalgae.diverse,D,1.5,shallow,13,Sarah.Ohayon,Yuval.sonego,30,R,1,1,,,gongolaria.rayssiae,19,7,,,
1004,2024-06-05 00:00:00,2024,spring,bat.galim,out,1,macroalgal.beds,iolr.macroalgae.diverse,D,1.5,shallow,13,Sarah.Ohayon,Yuval.sonego,27,R,1,2,P,1,gongolaria.rayssiae,16,7,,,
1004,2024-06-05 00:00:00,2024,spring,bat.galim,out,1,macroalgal.beds,iolr.macroalgae.diverse,D,1.5,shallow,13,Sarah.Ohayon,Yuval.sonego,24,R,1,2,,,gongolaria.rayssiae,16,9,,,
1004,2024-06-05 00:00:00,2024,spring,bat.galim,out,1,macroalgal.beds,iolr.macroalgae.diverse,D,1.5,shallow,13,Sarah.Ohayon,Yuval.sonego,21,R,1,1,,,gongolaria.rayssiae,6,6,,,
1004,2024-06-05 00:00:00,2024,spring,bat.galim,out,1,macroalgal.beds,iolr.macroalgae.diverse,D,1.5,shallow,13,Sarah.Ohayon,Yuval.sonego,18,R,1,1,,,gongolaria.rayssiae,13,6,,,
1004,2024-06-05 00:00:00,2024,spring,bat.galim,out,1,macroalgal.beds,iolr.macroalgae.diverse,D,1.5,shallow,13,Sarah.Ohayon,Yuval.sonego,15,R,1,1,,,gongolaria.rayssiae,8,5,,,
1004,2024-06-05 00:00:00,2024,spring,bat.galim,out,1,macroalgal.beds,iolr.macroalgae.diverse,D,1.5,shallow,13,Sarah.Ohayon,Yuval.sonego,12,R,1,1,,,gongolaria.rayssiae,14,4,,,
1004,2024-06-05 00:00:00,2024,spring,bat.galim,out,1,macroalgal.beds,iolr.macroalgae.diverse,D,1.5,shallow,13,Sarah.Ohayon,Yuval.sonego,9,R,1,1,,,gongolaria.rayssiae,12,6,,,
1004,2024-06-05 00:00:00,2024,spring,bat.galim,out,1,macroalgal.beds,iolr.macroalgae.diverse,D,1.5,shallow,13,Sarah.Ohayon,Yuval.sonego,6,R,1,1,P,1,gongolaria.rayssiae,18,11,,,
1005,2024-06-05 00:00:00,2024,spring,bat.galim,out,2,complex.rock,curch.complex,A,2.5,shallow,13,Sarah.Ohayon,Yuval.sonego,30,R,1,3,,,terf,,,,,2
1005,2024-06-05 00:00:00,2024,spring,bat.galim,out,2,complex.rock,curch.complex,A,2.5,shallow,13,Sarah.Ohayon,Yuval.sonego,27,R,1,4,O,1,terf,,,,,4
1005,2024-06-05 00:00:00,2024,spring,bat.galim,out,2,complex.rock,curch.complex,A,2.5,shallow,13,Sarah.Ohayon,Yuval.sonego,24,R,1,4,"C,O",2,terf,,,,,5
1005,2024-06-05 00:00:00,2024,spring,bat.galim,out,2,complex.rock,curch.complex,A,2.5,shallow,13,Sarah.Ohayon,Yuval.sonego,21,R,1,4,"C,O",2,terf,,,,,1
1005,2024-06-05 00:00:00,2024,spring,bat.galim,out,2,complex.rock,curch.complex,A,2.5,shallow,13,Sarah.Ohayon,Yuval.sonego,18,R,1,3,,,terf,,,,,2
1005,2024-06-05 00:00:00,2024,spring,bat.galim,out,2,complex.rock,curch.complex,A,2.5,shallow,13,Sarah.Ohayon,Yuval.sonego,15,R,1,3,,,terf,,,,,2
1005,2024-06-05 00:00:00,2024,spring,bat.galim,out,2,complex.rock,curch.complex,A,2.5,shallow,13,Sarah.Ohayon,Yuval.sonego,12,R,1,3,,,terf,,,,,3
1005,2024-06-05 00:00:00,2024,spring,bat.galim,out,2,complex.rock,curch.complex,A,2.5,shallow,13,Sarah.Ohayon,Yuval.sonego,9,R,1,4,"P,O",2,terf,,,,,5
1005,2024-06-05 00:00:00,2024,spring,bat.galim,out,2,complex.rock,curch.complex,A,2.5,shallow,13,Sarah.Ohayon,Yuval.sonego,6,R,1,4,"P,O",2,terf,,,,,4
1006,2024-06-05 00:00:00,2024,spring,bat.galim,out,2,complex.rock,curch.complex,B,2.5,shallow,13,Sarah.Ohayon,Yuval.sonego,30,R,1,3,C,1,terf,,,,,1
1006,2024-06-05 00:00:00,2024,spring,bat.galim,out,2,complex.rock,curch.complex,B,2.5,shallow,13,Sarah.Ohayon,Yuval.sonego,27,R,1,2,,,terf,,,,,1
1006,2024-06-05 00:00:00,2024,spring,bat.galim,out,2,complex.rock,curch.complex,B,2.5,shallow,13,Sarah.Ohayon,Yuval.sonego,24,R,1,2,,,terf,,,,,1
1006,2024-06-05 00:00:00,2024,spring,bat.galim,out,2,complex.rock,curch.complex,B,2.5,shallow,13,Sarah.Ohayon,Yuval.sonego,21,R,1,2,,,terf,,,,,3
1006,2024-06-05 00:00:00,2024,spring,bat.galim,out,2,complex.rock,curch.complex,B,2.5,shallow,13,Sarah.Ohayon,Yuval.sonego,18,R,1,3,"C,O",2,terf,,,,,2
1006,2024-06-05 00:00:00,2024,spring,bat.galim,out,2,complex.rock,curch.complex,B,2.5,shallow,13,Sarah.Ohayon,Yuval.sonego,15,R,1,3,"C,O",2,terf,,,,,4
1006,2024-06-05 00:00:00,2024,spring,bat.galim,out,2,complex.rock,curch.complex,B,2.5,shallow,13,Sarah.Ohayon,Yuval.sonego,12,R,1,3,,,terf,,,,,3
1006,2024-06-05 00:00:00,2024,spring,bat.galim,out,2,complex.rock,curch.complex,B,2.5,shallow,13,Sarah.Ohayon,Yuval.sonego,9,R,1,3,"C,O",2,terf,,,,,3
1006,2024-06-05 00:00:00,2024,spring,bat.galim,out,2,complex.rock,curch.complex,B,2.5,shallow,13,Sarah.Ohayon,Yuval.sonego,6,R,1,2,C,1,terf,,,,,3
1007,2024-06-05 00:00:00,2024,spring,bat.galim,out,2,complex.rock,curch.complex,C,2.5,shallow,13,Sarah.Ohayon,Yuval.sonego,30,R,1,4,"C,O",2,terf,,,,,5
1007,2024-06-05 00:00:00,2024,spring,bat.galim,out,2,complex.rock,curch.complex,C,2.5,shallow,13,Sarah.Ohayon,Yuval.sonego,27,R,1,4,"C,O",2,terf,,,,,5
1007,2024-06-05 00:00:00,2024,spring,bat.galim,out,2,complex.rock,curch.complex,C,2.5,shallow,13,Sarah.Ohayon,Yuval.sonego,24,R,1,3,,,terf,,,,,1
1007,2024-06-05 00:00:00,2024,spring,bat.galim,out,2,complex.rock,curch.complex,C,2.5,shallow,13,Sarah.Ohayon,Yuval.sonego,21,R,1,3,"C,O",2,terf,,,,,2.5
1007,2024-06-05 00:00:00,2024,spring,bat.galim,out,2,complex.rock,curch.complex,C,2.5,shallow,13,Sarah.Ohayon,Yuval.sonego,18,R,1,3,O,1,terf,,,,,6
1007,2024-06-05 00:00:00,2024,spring,bat.galim,out,2,complex.rock,curch.complex,C,2.5,shallow,13,Sarah.Ohayon,Yuval.sonego,15,R,1,3,C,1,terf,,,,,3
1007,2024-06-05 00:00:00,2024,spring,bat.galim,out,2,complex.rock,curch.complex,C,2.5,shallow,13,Sarah.Ohayon,Yuval.sonego,12,R,1,3,C,1,terf,,,,,2
1007,2024-06-05 00:00:00,2024,spring,bat.galim,out,2,complex.rock,curch.complex,C,2.5,shallow,13,Sarah.Ohayon,Yuval.sonego,9,R,1,3,C,1,terf,,,,,2
1007,2024-06-05 00:00:00,2024,spring,bat.galim,out,2,complex.rock,curch.complex,C,2.5,shallow,13,Sarah.Ohayon,Yuval.sonego,6,R,1,3,C,1,terf,,,,,1
1008,2024-06-06 00:00:00,2024,spring,bat.galim,out,3,complex.rock,papa.arches.complex,A,2.5,shallow,22,Sarah.Ohayon,Yuval.sonego,30,R,1,3,C,1,terf,,,,,3
1008,2024-06-06 00:00:00,2024,spring,bat.galim,out,3,complex.rock,papa.arches.complex,A,2.5,shallow,22,Sarah.Ohayon,Yuval.sonego,27,R,1,2,C,1,terf,,,,,4
1008,2024-06-06 00:00:00,2024,spring,bat.galim,out,3,complex.rock,papa.arches.complex,A,2.5,shallow,22,Sarah.Ohayon,Yuval.sonego,24,R,1,4,"C,O",2,terf,,,,,5
1008,2024-06-06 00:00:00,2024,spring,bat.galim,out,3,complex.rock,papa.arches.complex,A,2.5,shallow,22,Sarah.Ohayon,Yuval.sonego,21,R,1,4,"C,O",2,terf,,,,,3
1008,2024-06-06 00:00:00,2024,spring,bat.galim,out,3,complex.rock,papa.arches.complex,A,2.5,shallow,22,Sarah.Ohayon,Yuval.sonego,18,R,1,4,"C,O",2,terf,,,,,5
1008,2024-06-06 00:00:00,2024,spring,bat.galim,out,3,complex.rock,papa.arches.complex,A,2.5,shallow,22,Sarah.Ohayon,Yuval.sonego,15,R,1,4,"P,C,O",3,terf,,,,,4
1008,2024-06-06 00:00:00,2024,spring,bat.galim,out,3,complex.rock,papa.arches.complex,A,2.5,shallow,22,Sarah.Ohayon,Yuval.sonego,12,R,1,4,"P,C,O",3,terf,,,,,4
1008,2024-06-06 00:00:00,2024,spring,bat.galim,out,3,complex.rock,papa.arches.complex,A,2.5,shallow,22,Sarah.Ohayon,Yuval.sonego,9,R,1,3,"P,C,O",3,terf,,,,,4
1008,2024-06-06 00:00:00,2024,spring,bat.galim,out,3,complex.rock,papa.arches.complex,A,2.5,shallow,22,Sarah.Ohayon,Yuval.sonego,6,R,1,3,"P,C,O",3,terf,,,,,6
1009,2024-06-06 00:00:00,2024,spring,bat.galim,out,3,complex.rock,papa.arches.complex,B,2.3,shallow,22,Sarah.Ohayon,Yuval.sonego,30,R,1,2,,,terf,,,,,3
1009,2024-06-06 00:00:00,2024,spring,bat.galim,out,3,complex.rock,papa.arches.complex,B,2.3,shallow,22,Sarah.Ohayon,Yuval.sonego,27,R,1,2,,,terf,,,,,2
1009,2024-06-06 00:00:00,2024,spring,bat.galim,out,3,complex.rock,papa.arches.complex,B,2.3,shallow,22,Sarah.Ohayon,Yuval.sonego,24,R,1,2,C,1,terf,,,,,6
1009,2024-06-06 00:00:00,2024,spring,bat.galim,out,3,complex.rock,papa.arches.complex,B,2.3,shallow,22,Sarah.Ohayon,Yuval.sonego,21,R,1,3,"C,O",2,terf,,,,,4
1009,2024-06-06 00:00:00,2024,spring,bat.galim,out,3,complex.rock,papa.arches.complex,B,2.3,shallow,22,Sarah.Ohayon,Yuval.sonego,18,R,1,4,"C,O",2,terf,,,,,5
1009,2024-06-06 00:00:00,2024,spring,bat.galim,out,3,complex.rock,papa.arches.complex,B,2.3,shallow,22,Sarah.Ohayon,Yuval.sonego,15,R,1,4,"P,C,O",3,terf,,,,,4
1009,2024-06-06 00:00:00,2024,spring,bat.galim,out,3,complex.rock,papa.arches.complex,B,2.3,shallow,22,Sarah.Ohayon,Yuval.sonego,12,R,1,4,"P,C,O",3,terf,,,,,3
1009,2024-06-06 00:00:00,2024,spring,bat.galim,out,3,complex.rock,papa.arches.complex,B,2.3,shallow,22,Sarah.Ohayon,Yuval.sonego,9,R,1,3,"C,O",2,terf,,,,,4
1009,2024-06-06 00:00:00,2024,spring,bat.galim,out,3,complex.rock,papa.arches.complex,B,2.3,shallow,22,Sarah.Ohayon,Yuval.sonego,6,R,1,4,"C,O",2,terf,,,,,4
1010,2024-06-06 00:00:00,2024,spring,bat.galim,out,3,complex.rock,papa.arches.complex,C,2.5,shallow,22,Sarah.Ohayon,Yuval.sonego,30,R,1,2,,,terf,,,,,3
1010,2024-06-06 00:00:00,2024,spring,bat.galim,out,3,complex.rock,papa.arches.complex,C,2.5,shallow,22,Sarah.Ohayon,Yuval.sonego,27,R,1,2,C,1,terf,,,,,4
1010,2024-06-06 00:00:00,2024,spring,bat.galim,out,3,complex.rock,papa.arches.complex,C,2.5,shallow,22,Sarah.Ohayon,Yuval.sonego,24,R,1,3,C,1,terf,,,,,3
1010,2024-06-06 00:00:00,2024,spring,bat.galim,out,3,complex.rock,papa.arches.complex,C,2.5,shallow,22,Sarah.Ohayon,Yuval.sonego,21,R,1,3,C,1,terf,,,,,4
1010,2024-06-06 00:00:00,2024,spring,bat.galim,out,3,complex.rock,papa.arches.complex,C,2.5,shallow,22,Sarah.Ohayon,Yuval.sonego,18,R,1,2,,,terf,,,,,4
1010,2024-06-06 00:00:00,2024,spring,bat.galim,out,3,complex.rock,papa.arches.complex,C,2.5,shallow,22,Sarah.Ohayon,Yuval.sonego,15,R,1,3,C,1,terf,,,,,4
1010,2024-06-06 00:00:00,2024,spring,bat.galim,out,3,complex.rock,papa.arches.complex,C,2.5,shallow,22,Sarah.Ohayon,Yuval.sonego,12,R,1,2,,,terf,,,,,5
1010,2024-06-06 00:00:00,2024,spring,bat.galim,out,3,complex.rock,papa.arches.complex,C,2.5,shallow,22,Sarah.Ohayon,Yuval.sonego,9,R,1,2,C,1,terf,,,,,3
1010,2024-06-06 00:00:00,2024,spring,bat.galim,out,3,complex.rock,papa.arches.complex,C,2.5,shallow,22,Sarah.Ohayon,Yuval.sonego,6,R,1,3,"C,O",2,terf,,,,,1.5
1011,2024-06-06 00:00:00,2024,spring,bat.galim,out,4,macroalgal.beds,surfers.bay.macroalgae,A,2.5,shallow,22,Sarah.Ohayon,Yuval.sonego,30,R,1,1,,,sargassum.vulgare,,,10,26,
1011,2024-06-06 00:00:00,2024,spring,bat.galim,out,4,macroalgal.beds,surfers.bay.macroalgae,A,2.5,shallow,22,Sarah.Ohayon,Yuval.sonego,27,R,1,1,,,sargassum.vulgare,,,17,27,
1011,2024-06-06 00:00:00,2024,spring,bat.galim,out,4,macroalgal.beds,surfers.bay.macroalgae,A,2.5,shallow,22,Sarah.Ohayon,Yuval.sonego,24,R,1,1,,,sargassum.vulgare,,,16,17,
1011,2024-06-06 00:00:00,2024,spring,bat.galim,out,4,macroalgal.beds,surfers.bay.macroalgae,A,2.5,shallow,22,Sarah.Ohayon,Yuval.sonego,21,R,1,1,,,sargassum.vulgare,,,13,18,
1011,2024-06-06 00:00:00,2024,spring,bat.galim,out,4,macroalgal.beds,surfers.bay.macroalgae,A,2.5,shallow,22,Sarah.Ohayon,Yuval.sonego,18,R,1,1,,,sargassum.vulgare,,,17,24,
1011,2024-06-06 00:00:00,2024,spring,bat.galim,out,4,macroalgal.beds,surfers.bay.macroalgae,A,2.5,shallow,22,Sarah.Ohayon,Yuval.sonego,15,R,1,1,,,sargassum.vulgare,,,11,18,
1011,2024-06-06 00:00:00,2024,spring,bat.galim,out,4,macroalgal.beds,surfers.bay.macroalgae,A,2.5,shallow,22,Sarah.Ohayon,Yuval.sonego,12,R,1,1,,,sargassum.vulgare,,,16,12,
1011,2024-06-06 00:00:00,2024,spring,bat.galim,out,4,macroalgal.beds,surfers.bay.macroalgae,A,2.5,shallow,22,Sarah.Ohayon,Yuval.sonego,9,R,1,1,,,sargassum.vulgare,,,12,19,
1011,2024-06-06 00:00:00,2024,spring,bat.galim,out,4,macroalgal.beds,surfers.bay.macroalgae,A,2.5,shallow,22,Sarah.Ohayon,Yuval.sonego,6,R,1,1,,,sargassum.vulgare,,,10,25,
1012,2024-06-06 00:00:00,2024,spring,bat.galim,out,4,macroalgal.beds,surfers.bay.macroalgae,B,2.5,shallow,22,Sarah.Ohayon,Yuval.sonego,30,R,1,1,,,sargassum.vulgare,,,15,18,
1012,2024-06-06 00:00:00,2024,spring,bat.galim,out,4,macroalgal.beds,surfers.bay.macroalgae,B,2.5,shallow,22,Sarah.Ohayon,Yuval.sonego,27,R,1,1,,,sargassum.vulgare,,,15,26,
1012,2024-06-06 00:00:00,2024,spring,bat.galim,out,4,macroalgal.beds,surfers.bay.macroalgae,B,2.5,shallow,22,Sarah.Ohayon,Yuval.sonego,24,R,1,1,,,sargassum.vulgare,,,13,14,
1012,2024-06-06 00:00:00,2024,spring,bat.galim,out,4,macroalgal.beds,surfers.bay.macroalgae,B,2.5,shallow,22,Sarah.Ohayon,Yuval.sonego,21,R,1,1,,,sargassum.vulgare,,,14,21,
1012,2024-06-06 00:00:00,2024,spring,bat.galim,out,4,macroalgal.beds,surfers.bay.macroalgae,B,2.5,shallow,22,Sarah.Ohayon,Yuval.sonego,18,R,1,1,,,sargassum.vulgare,,,17,17,
1012,2024-06-06 00:00:00,2024,spring,bat.galim,out,4,macroalgal.beds,surfers.bay.macroalgae,B,2.5,shallow,22,Sarah.Ohayon,Yuval.sonego,15,R,1,1,,,sargassum.vulgare,,,15,19,
1012,2024-06-06 00:00:00,2024,spring,bat.galim,out,4,macroalgal.beds,surfers.bay.macroalgae,B,2.5,shallow,22,Sarah.Ohayon,Yuval.sonego,12,R,1,1,,,sargassum.vulgare,,,13,25,
1012,2024-06-06 00:00:00,2024,spring,bat.galim,out,4,macroalgal.beds,surfers.bay.macroalgae,B,2.5,shallow,22,Sarah.Ohayon,Yuval.sonego,9,R,1,1,,,sargassum.vulgare,,,13,20,
1012,2024-06-06 00:00:00,2024,spring,bat.galim,out,4,macroalgal.beds,surfers.bay.macroalgae,B,2.5,shallow,22,Sarah.Ohayon,Yuval.sonego,6,R,1,1,,,sargassum.vulgare,,,15,26,
1013,2024-06-06 00:00:00,2024,spring,bat.galim,out,4,macroalgal.beds,surfers.bay.macroalgae,C,2.5,shallow,22,Sarah.Ohayon,Yuval.sonego,30,R,1,2,,,sargassum.vulgare,,,14,19,
1013,2024-06-06 00:00:00,2024,spring,bat.galim,out,4,macroalgal.beds,surfers.bay.macroalgae,C,2.5,shallow,22,Sarah.Ohayon,Yuval.sonego,27,R,1,2,,,sargassum.vulgare,,,16,22,
1013,2024-06-06 00:00:00,2024,spring,bat.galim,out,4,macroalgal.beds,surfers.bay.macroalgae,C,2.5,shallow,22,Sarah.Ohayon,Yuval.sonego,24,R,1,2,,,sargassum.vulgare,,,13,20,
1013,2024-06-06 00:00:00,2024,spring,bat.galim,out,4,macroalgal.beds,surfers.bay.macroalgae,C,2.5,shallow,22,Sarah.Ohayon,Yuval.sonego,21,R,1,1,,,sargassum.vulgare,,,16,23,
1013,2024-06-06 00:00:00,2024,spring,bat.galim,out,4,macroalgal.beds,surfers.bay.macroalgae,C,2.5,shallow,22,Sarah.Ohayon,Yuval.sonego,18,R,1,1,,,sargassum.vulgare,,,13,22,
1013,2024-06-06 00:00:00,2024,spring,bat.galim,out,4,macroalgal.beds,surfers.bay.macroalgae,C,2.5,shallow,22,Sarah.Ohayon,Yuval.sonego,15,R,1,1,,,sargassum.vulgare,,,11,16,
1013,2024-06-06 00:00:00,2024,spring,bat.galim,out,4,macroalgal.beds,surfers.bay.macroalgae,C,2.5,shallow,22,Sarah.Ohayon,Yuval.sonego,12,R,1,2,,,sargassum.vulgare,,,11,17,
1013,2024-06-06 00:00:00,2024,spring,bat.galim,out,4,macroalgal.beds,surfers.bay.macroalgae,C,2.5,shallow,22,Sarah.Ohayon,Yuval.sonego,9,R,1,1,,,sargassum.vulgare,,,14,24,
1013,2024-06-06 00:00:00,2024,spring,bat.galim,out,4,macroalgal.beds,surfers.bay.macroalgae,C,2.5,shallow,22,Sarah.Ohayon,Yuval.sonego,6,R,1,2,,,sargassum.vulgare,,,15,27,
1014,2024-06-06 00:00:00,2024,spring,bat.galim,out,5,macroalgal.beds,promenade.macroalgae,A,2,shallow,8.5,Sarah.Ohayon,Yuval.sonego,30,R,1,1,,,gongolaria.rayssiae,16,11,,,
1014,2024-06-06 00:00:00,2024,spring,bat.galim,out,5,macroalgal.beds,promenade.macroalgae,A,2,shallow,8.5,Sarah.Ohayon,Yuval.sonego,27,R,1,2,,,gongolaria.rayssiae,17,9,,,
1014,2024-06-06 00:00:00,2024,spring,bat.galim,out,5,macroalgal.beds,promenade.macroalgae,A,2,shallow,8.5,Sarah.Ohayon,Yuval.sonego,24,R,1,1,,,gongolaria.rayssiae,15,12,,,
1014,2024-06-06 00:00:00,2024,spring,bat.galim,out,5,macroalgal.beds,promenade.macroalgae,A,2,shallow,8.5,Sarah.Ohayon,Yuval.sonego,21,R,1,1,,,gongolaria.rayssiae,10,5,,,
1014,2024-06-06 00:00:00,2024,spring,bat.galim,out,5,macroalgal.beds,promenade.macroalgae,A,2,shallow,8.5,Sarah.Ohayon,Yuval.sonego,18,R,1,1,,,gongolaria.rayssiae,9,2,,,
1014,2024-06-06 00:00:00,2024,spring,bat.galim,out,5,macroalgal.beds,promenade.macroalgae,A,2,shallow,8.5,Sarah.Ohayon,Yuval.sonego,15,S,0,1,,,gongolaria.rayssiae,9,10,,,
1014,2024-06-06 00:00:00,2024,spring,bat.galim,out,5,macroalgal.beds,promenade.macroalgae,A,2,shallow,8.5,Sarah.Ohayon,Yuval.sonego,12,R,1,1,,,gongolaria.rayssiae,15.5,10,,,
1014,2024-06-06 00:00:00,2024,spring,bat.galim,out,5,macroalgal.beds,promenade.macroalgae,A,2,shallow,8.5,Sarah.Ohayon,Yuval.sonego,9,R,1,1,,,gongolaria.rayssiae,21,11,,,
1014,2024-06-06 00:00:00,2024,spring,bat.galim,out,5,macroalgal.beds,promenade.macroalgae,A,2,shallow,8.5,Sarah.Ohayon,Yuval.sonego,6,R,1,1,,,gongolaria.rayssiae,26,12,,,
1015,2024-06-06 00:00:00,2024,spring,bat.galim,out,5,macroalgal.beds,promenade.macroalgae,B,2,shallow,8.5,Sarah.Ohayon,Yuval.sonego,30,"R,S",0.5,1,,,gongolaria.rayssiae,19.5,8,,,
1015,2024-06-06 00:00:00,2024,spring,bat.galim,out,5,macroalgal.beds,promenade.macroalgae,B,2,shallow,8.5,Sarah.Ohayon,Yuval.sonego,27,S,0,0,,,gongolaria.rayssiae,18.5,6,,,
1015,2024-06-06 00:00:00,2024,spring,bat.galim,out,5,macroalgal.beds,promenade.macroalgae,B,2,shallow,8.5,Sarah.Ohayon,Yuval.sonego,24,S,0,0,,,gongolaria.rayssiae,20.5,5,,,
1015,2024-06-06 00:00:00,2024,spring,bat.galim,out,5,macroalgal.beds,promenade.macroalgae,B,2,shallow,8.5,Sarah.Ohayon,Yuval.sonego,21,"R,S",0.5,1,,,gongolaria.rayssiae,23,5,,,
1015,2024-06-06 00:00:00,2024,spring,bat.galim,out,5,macroalgal.beds,promenade.macroalgae,B,2,shallow,8.5,Sarah.Ohayon,Yuval.sonego,18,S,0,0,,,gongolaria.rayssiae,21.5,4,,,
1015,2024-06-06 00:00:00,2024,spring,bat.galim,out,5,macroalgal.beds,promenade.macroalgae,B,2,shallow,8.5,Sarah.Ohayon,Yuval.sonego,15,"R,S",0.5,1,,,gongolaria.rayssiae,14,5,,,
1015,2024-06-06 00:00:00,2024,spring,bat.galim,out,5,macroalgal.beds,promenade.macroalgae,B,2,shallow,8.5,Sarah.Ohayon,Yuval.sonego,12,"R,S",0.5,1,,,gongolaria.rayssiae,17.5,5,,,
1015,2024-06-06 00:00:00,2024,spring,bat.galim,out,5,macroalgal.beds,promenade.macroalgae,B,2,shallow,8.5,Sarah.Ohayon,Yuval.sonego,9,R,1,1,,,gongolaria.rayssiae,16.5,6,,,
1015,2024-06-06 00:00:00,2024,spring,bat.galim,out,5,macroalgal.beds,promenade.macroalgae,B,2,shallow,8.5,Sarah.Ohayon,Yuval.sonego,6,R,1,1,,,gongolaria.rayssiae,26,11,,,
1016,2024-06-06 00:00:00,2024,spring,bat.galim,out,5,macroalgal.beds,promenade.macroalgae,C,2,shallow,8.5,Sarah.Ohayon,Yuval.sonego,30,"R,S",0.5,1,,,gongolaria.rayssiae,24.5,5,,,
1016,2024-06-06 00:00:00,2024,spring,bat.galim,out,5,macroalgal.beds,promenade.macroalgae,C,2,shallow,8.5,Sarah.Ohayon,Yuval.sonego,27,S,0,0,,,gongolaria.rayssiae,25,2,,,
1016,2024-06-06 00:00:00,2024,spring,bat.galim,out,5,macroalgal.beds,promenade.macroalgae,C,2,shallow,8.5,Sarah.Ohayon,Yuval.sonego,24,S,0,0,,,gongolaria.rayssiae,21,9,,,
1016,2024-06-06 00:00:00,2024,spring,bat.galim,out,5,macroalgal.beds,promenade.macroalgae,C,2,shallow,8.5,Sarah.Ohayon,Yuval.sonego,21,S,0,0,,,gongolaria.rayssiae,27,5,,,
1016,2024-06-06 00:00:00,2024,spring,bat.galim,out,5,macroalgal.beds,promenade.macroalgae,C,2,shallow,8.5,Sarah.Ohayon,Yuval.sonego,18,S,0,0,,,gongolaria.rayssiae,22,6,,,
1016,2024-06-06 00:00:00,2024,spring,bat.galim,out,5,macroalgal.beds,promenade.macroalgae,C,2,shallow,8.5,Sarah.Ohayon,Yuval.sonego,15,S,0,0,,,gongolaria.rayssiae,28,5,,,
1016,2024-06-06 00:00:00,2024,spring,bat.galim,out,5,macroalgal.beds,promenade.macroalgae,C,2,shallow,8.5,Sarah.Ohayon,Yuval.sonego,12,"R,S",0.5,1,,,gongolaria.rayssiae,12,5,,,
1016,2024-06-06 00:00:00,2024,spring,bat.galim,out,5,macroalgal.beds,promenade.macroalgae,C,2,shallow,8.5,Sarah.Ohayon,Yuval.sonego,9,"R,S",0.5,1,,,gongolaria.rayssiae,23,13,,,
1016,2024-06-06 00:00:00,2024,spring,bat.galim,out,5,macroalgal.beds,promenade.macroalgae,C,2,shallow,8.5,Sarah.Ohayon,Yuval.sonego,6,"R,S",0.5,1,,,gongolaria.rayssiae,30,3,,,
1017,2024-06-06 00:00:00,2024,spring,bat.galim,out,6,complex.rock,promenade.complex,A,3,shallow,8.5,Sarah.Ohayon,Yuval.sonego,30,R,1,3,P,1,terf,,,,,4
1017,2024-06-06 00:00:00,2024,spring,bat.galim,out,6,complex.rock,promenade.complex,A,3,shallow,8.5,Sarah.Ohayon,Yuval.sonego,27,R,1,3,O,1,terf,,,,,2
1017,2024-06-06 00:00:00,2024,spring,bat.galim,out,6,complex.rock,promenade.complex,A,3,shallow,8.5,Sarah.Ohayon,Yuval.sonego,24,R,1,3,,,terf,,,,,4
1017,2024-06-06 00:00:00,2024,spring,bat.galim,out,6,complex.rock,promenade.complex,A,3,shallow,8.5,Sarah.Ohayon,Yuval.sonego,21,R,1,3,C,1,terf,,,,,3
1017,2024-06-06 00:00:00,2024,spring,bat.galim,out,6,complex.rock,promenade.complex,A,3,shallow,8.5,Sarah.Ohayon,Yuval.sonego,18,R,1,3,"C,O",2,terf,,,,,4
1017,2024-06-06 00:00:00,2024,spring,bat.galim,out,6,complex.rock,promenade.complex,A,3,shallow,8.5,Sarah.Ohayon,Yuval.sonego,15,R,1,3,,,terf,,,,,3
1017,2024-06-06 00:00:00,2024,spring,bat.galim,out,6,complex.rock,promenade.complex,A,3,shallow,8.5,Sarah.Ohayon,Yuval.sonego,12,R,1,3,,,terf,,,,,5
1017,2024-06-06 00:00:00,2024,spring,bat.galim,out,6,complex.rock,promenade.complex,A,3,shallow,8.5,Sarah.Ohayon,Yuval.sonego,9,R,1,3,,,terf,,,,,4
1017,2024-06-06 00:00:00,2024,spring,bat.galim,out,6,complex.rock,promenade.complex,A,3,shallow,8.5,Sarah.Ohayon,Yuval.sonego,6,R,1,3,"C,O",2,terf,,,,,3
1018,2024-06-06 00:00:00,2024,spring,bat.galim,out,6,complex.rock,promenade.complex,B,2,shallow,8.5,Sarah.Ohayon,Yuval.sonego,30,R,1,3,"C,O",2,terf,,,,,2
1018,2024-06-06 00:00:00,2024,spring,bat.galim,out,6,complex.rock,promenade.complex,B,2,shallow,8.5,Sarah.Ohayon,Yuval.sonego,27,R,1,3,,,terf,,,,,4
1018,2024-06-06 00:00:00,2024,spring,bat.galim,out,6,complex.rock,promenade.complex,B,2,shallow,8.5,Sarah.Ohayon,Yuval.sonego,24,R,1,1,,,terf,,,,,3
1018,2024-06-06 00:00:00,2024,spring,bat.galim,out,6,complex.rock,promenade.complex,B,2,shallow,8.5,Sarah.Ohayon,Yuval.sonego,21,R,1,2,,,terf,,,,,3
1018,2024-06-06 00:00:00,2024,spring,bat.galim,out,6,complex.rock,promenade.complex,B,2,shallow,8.5,Sarah.Ohayon,Yuval.sonego,18,R,1,3,"C,O",2,terf,,,,,5
1018,2024-06-06 00:00:00,2024,spring,bat.galim,out,6,complex.rock,promenade.complex,B,2,shallow,8.5,Sarah.Ohayon,Yuval.sonego,15,R,1,3,,,terf,,,,,4
1018,2024-06-06 00:00:00,2024,spring,bat.galim,out,6,complex.rock,promenade.complex,B,2,shallow,8.5,Sarah.Ohayon,Yuval.sonego,12,R,1,3,"C,O",2,terf,,,,,4
1018,2024-06-06 00:00:00,2024,spring,bat.galim,out,6,complex.rock,promenade.complex,B,2,shallow,8.5,Sarah.Ohayon,Yuval.sonego,9,R,1,3,C,1,terf,,,,,2
1018,2024-06-06 00:00:00,2024,spring,bat.galim,out,6,complex.rock,promenade.complex,B,2,shallow,8.5,Sarah.Ohayon,Yuval.sonego,6,R,1,3,C,1,terf,,,,,3
1019,2024-12-09 00:00:00,2024,fall,bat.galim,out,1,macroalgal.beds,iolr.macroalgae.diverse,A,1.8,shallow,13,Sarah.Ohayon,Yuval.sonego,2,R,1,1,,,gongolaria.rayssiae,20,6,,,
1019,2024-12-09 00:00:00,2024,fall,bat.galim,out,1,macroalgal.beds,iolr.macroalgae.diverse,A,1.8,shallow,13,Sarah.Ohayon,Yuval.sonego,4,R,1,1,,,gongolaria.rayssiae,26,6,,,
1019,2024-12-09 00:00:00,2024,fall,bat.galim,out,1,macroalgal.beds,iolr.macroalgae.diverse,A,1.8,shallow,13,Sarah.Ohayon,Yuval.sonego,6,R,1,1,,,gongolaria.rayssiae,21,7,,,
1019,2024-12-09 00:00:00,2024,fall,bat.galim,out,1,macroalgal.beds,iolr.macroalgae.diverse,A,1.8,shallow,13,Sarah.Ohayon,Yuval.sonego,8,R,1,1,,,gongolaria.rayssiae,25,9,,,
1019,2024-12-09 00:00:00,2024,fall,bat.galim,out,1,macroalgal.beds,iolr.macroalgae.diverse,A,1.8,shallow,13,Sarah.Ohayon,Yuval.sonego,10,R,1,1,,,gongolaria.rayssiae,20,13,,,
1019,2024-12-09 00:00:00,2024,fall,bat.galim,out,1,macroalgal.beds,iolr.macroalgae.diverse,A,1.8,shallow,13,Sarah.Ohayon,Yuval.sonego,12,R,1,1,,,gongolaria.rayssiae,17,6,,,
1019,2024-12-09 00:00:00,2024,fall,bat.galim,out,1,macroalgal.beds,iolr.macroalgae.diverse,A,1.8,shallow,13,Sarah.Ohayon,Yuval.sonego,14,R,1,1,,,gongolaria.rayssiae,15,13,,,
1019,2024-12-09 00:00:00,2024,fall,bat.galim,out,1,macroalgal.beds,iolr.macroalgae.diverse,A,1.8,shallow,13,Sarah.Ohayon,Yuval.sonego,16,R,1,1,,,gongolaria.rayssiae,20,4,,,
1019,2024-12-09 00:00:00,2024,fall,bat.galim,out,1,macroalgal.beds,iolr.macroalgae.diverse,A,1.8,shallow,13,Sarah.Ohayon,Yuval.sonego,18,R,1,1,,,gongolaria.rayssiae,28,8,,,
1019,2024-12-09 00:00:00,2024,fall,bat.galim,out,1,macroalgal.beds,iolr.macroalgae.diverse,A,1.8,shallow,13,Sarah.Ohayon,Yuval.sonego,20,R,1,1,,,gongolaria.rayssiae,13.5,7,,,
1020,2024-12-09 00:00:00,2024,fall,bat.galim,out,1,macroalgal.beds,iolr.macroalgae.diverse,B,1.8,shallow,13,Sarah.Ohayon,Yuval.sonego,2,R,1,1,,,gongolaria.rayssiae,23,3,,,
1020,2024-12-09 00:00:00,2024,fall,bat.galim,out,1,macroalgal.beds,iolr.macroalgae.diverse,B,1.8,shallow,13,Sarah.Ohayon,Yuval.sonego,4,R,1,1,,,gongolaria.rayssiae,30,6,,,
1020,2024-12-09 00:00:00,2024,fall,bat.galim,out,1,macroalgal.beds,iolr.macroalgae.diverse,B,1.8,shallow,13,Sarah.Ohayon,Yuval.sonego,6,R,1,1,,,gongolaria.rayssiae,32,7,,,
1020,2024-12-09 00:00:00,2024,fall,bat.galim,out,1,macroalgal.beds,iolr.macroalgae.diverse,B,1.8,shallow,13,Sarah.Ohayon,Yuval.sonego,8,R,1,2,,,gongolaria.rayssiae,25,6,,,
1020,2024-12-09 00:00:00,2024,fall,bat.galim,out,1,macroalgal.beds,iolr.macroalgae.diverse,B,1.8,shallow,13,Sarah.Ohayon,Yuval.sonego,10,R,1,1,,,gongolaria.rayssiae,14,5,,,
1020,2024-12-09 00:00:00,2024,fall,bat.galim,out,1,macroalgal.beds,iolr.macroalgae.diverse,B,1.8,shallow,13,Sarah.Ohayon,Yuval.sonego,12,R,1,1,,,gongolaria.rayssiae,14,5,,,
1020,2024-12-09 00:00:00,2024,fall,bat.galim,out,1,macroalgal.beds,iolr.macroalgae.diverse,B,1.8,shallow,13,Sarah.Ohayon,Yuval.sonego,14,R,1,1,,,gongolaria.rayssiae,26,8,,,
1020,2024-12-09 00:00:00,2024,fall,bat.galim,out,1,macroalgal.beds,iolr.macroalgae.diverse,B,1.8,shallow,13,Sarah.Ohayon,Yuval.sonego,16,R,1,2,,,gongolaria.rayssiae,18,6,,,
1020,2024-12-09 00:00:00,2024,fall,bat.galim,out,1,macroalgal.beds,iolr.macroalgae.diverse,B,1.8,shallow,13,Sarah.Ohayon,Yuval.sonego,18,R,1,1,,,gongolaria.rayssiae,19,7,,,
1020,2024-12-09 00:00:00,2024,fall,bat.galim,out,1,macroalgal.beds,iolr.macroalgae.diverse,B,1.8,shallow,13,Sarah.Ohayon,Yuval.sonego,20,R,1,1,,,gongolaria.rayssiae,18,10,,,
1021,2024-12-09 00:00:00,2024,fall,bat.galim,out,1,macroalgal.beds,iolr.macroalgae.diverse,C,1.8,shallow,13,Sarah.Ohayon,Yuval.sonego,2,R,1,1,,,gongolaria.rayssiae,18,5,,,
1021,2024-12-09 00:00:00,2024,fall,bat.galim,out,1,macroalgal.beds,iolr.macroalgae.diverse,C,1.8,shallow,13,Sarah.Ohayon,Yuval.sonego,4,R,1,1,,,gongolaria.rayssiae,15,4,,,
1021,2024-12-09 00:00:00,2024,fall,bat.galim,out,1,macroalgal.beds,iolr.macroalgae.diverse,C,1.8,shallow,13,Sarah.Ohayon,Yuval.sonego,6,R,1,1,,,gongolaria.rayssiae,30,4,,,
1021,2024-12-09 00:00:00,2024,fall,bat.galim,out,1,macroalgal.beds,iolr.macroalgae.diverse,C,1.8,shallow,13,Sarah.Ohayon,Yuval.sonego,8,R,1,1,,,gongolaria.rayssiae,19.5,3,,,
1021,2024-12-09 00:00:00,2024,fall,bat.galim,out,1,macroalgal.beds,iolr.macroalgae.diverse,C,1.8,shallow,13,Sarah.Ohayon,Yuval.sonego,10,R,1,1,,,gongolaria.rayssiae,20,5,,,
1021,2024-12-09 00:00:00,2024,fall,bat.galim,out,1,macroalgal.beds,iolr.macroalgae.diverse,C,1.8,shallow,13,Sarah.Ohayon,Yuval.sonego,12,R,1,1,,,gongolaria.rayssiae,20,3,,,
1021,2024-12-09 00:00:00,2024,fall,bat.galim,out,1,macroalgal.beds,iolr.macroalgae.diverse,C,1.8,shallow,13,Sarah.Ohayon,Yuval.sonego,14,R,1,1,,,gongolaria.rayssiae,37,3,,,
1021,2024-12-09 00:00:00,2024,fall,bat.galim,out,1,macroalgal.beds,iolr.macroalgae.diverse,C,1.8,shallow,13,Sarah.Ohayon,Yuval.sonego,16,R,1,1,,,gongolaria.rayssiae,34,4,,,
1021,2024-12-09 00:00:00,2024,fall,bat.galim,out,1,macroalgal.beds,iolr.macroalgae.diverse,C,1.8,shallow,13,Sarah.Ohayon,Yuval.sonego,18,R,1,1,,,gongolaria.rayssiae,22,3,,,
1021,2024-12-09 00:00:00,2024,fall,bat.galim,out,1,macroalgal.beds,iolr.macroalgae.diverse,C,1.8,shallow,13,Sarah.Ohayon,Yuval.sonego,20,R,1,1,,,gongolaria.rayssiae,18,4,,,
1022,2024-12-09 00:00:00,2024,fall,bat.galim,out,2,complex.rock,curch.complex,A,3.2,shallow,13,Sarah.Ohayon,Yuval.sonego,2,R,1,4,P,1,terf,,,,,1
1022,2024-12-09 00:00:00,2024,fall,bat.galim,out,2,complex.rock,curch.complex,A,3.2,shallow,13,Sarah.Ohayon,Yuval.sonego,4,R,1,3,,,terf,,,,,1
1022,2024-12-09 00:00:00,2024,fall,bat.galim,out,2,complex.rock,curch.complex,A,3.2,shallow,13,Sarah.Ohayon,Yuval.sonego,6,R,1,2,,,terf,,,,,2
1022,2024-12-09 00:00:00,2024,fall,bat.galim,out,2,complex.rock,curch.complex,A,3.2,shallow,13,Sarah.Ohayon,Yuval.sonego,8,R,1,3,,,terf,,,,,2
1022,2024-12-09 00:00:00,2024,fall,bat.galim,out,2,complex.rock,curch.complex,A,3.2,shallow,13,Sarah.Ohayon,Yuval.sonego,10,R,1,2,,,terf,,,,,1
1022,2024-12-09 00:00:00,2024,fall,bat.galim,out,2,complex.rock,curch.complex,A,3.2,shallow,13,Sarah.Ohayon,Yuval.sonego,12,R,1,2,,,terf,,,,,2
1022,2024-12-09 00:00:00,2024,fall,bat.galim,out,2,complex.rock,curch.complex,A,3.2,shallow,13,Sarah.Ohayon,Yuval.sonego,14,R,1,3,,,terf,,,,,1
1022,2024-12-09 00:00:00,2024,fall,bat.galim,out,2,complex.rock,curch.complex,A,3.2,shallow,13,Sarah.Ohayon,Yuval.sonego,16,R,1,3,C,1,terf,,,,,2
1022,2024-12-09 00:00:00,2024,fall,bat.galim,out,2,complex.rock,curch.complex,A,3.2,shallow,13,Sarah.Ohayon,Yuval.sonego,18,R,1,3,C,1,terf,,,,,2
1022,2024-12-09 00:00:00,2024,fall,bat.galim,out,2,complex.rock,curch.complex,A,3.2,shallow,13,Sarah.Ohayon,Yuval.sonego,20,R,1,4,P,1,terf,,,,,2
1023,2024-12-09 00:00:00,2024,fall,bat.galim,out,2,complex.rock,curch.complex,B,3.2,shallow,13,Sarah.Ohayon,Yuval.sonego,2,R,1,4,,,terf,,,,,1
1023,2024-12-09 00:00:00,2024,fall,bat.galim,out,2,complex.rock,curch.complex,B,3.2,shallow,13,Sarah.Ohayon,Yuval.sonego,4,R,1,4,,,terf,,,,,1
1023,2024-12-09 00:00:00,2024,fall,bat.galim,out,2,complex.rock,curch.complex,B,3.2,shallow,13,Sarah.Ohayon,Yuval.sonego,6,R,1,4,,,terf,,,,,1
1023,2024-12-09 00:00:00,2024,fall,bat.galim,out,2,complex.rock,curch.complex,B,3.2,shallow,13,Sarah.Ohayon,Yuval.sonego,8,R,1,3,,,terf,,,,,1
1023,2024-12-09 00:00:00,2024,fall,bat.galim,out,2,complex.rock,curch.complex,B,3.2,shallow,13,Sarah.Ohayon,Yuval.sonego,10,R,1,3,,,terf,,,,,2
1023,2024-12-09 00:00:00,2024,fall,bat.galim,out,2,complex.rock,curch.complex,B,3.2,shallow,13,Sarah.Ohayon,Yuval.sonego,12,R,1,3,,,terf,,,,,1
1023,2024-12-09 00:00:00,2024,fall,bat.galim,out,2,complex.rock,curch.complex,B,3.2,shallow,13,Sarah.Ohayon,Yuval.sonego,14,R,1,4,,,terf,,,,,1
1023,2024-12-09 00:00:00,2024,fall,bat.galim,out,2,complex.rock,curch.complex,B,3.2,shallow,13,Sarah.Ohayon,Yuval.sonego,16,R,1,4,,,terf,,,,,1
1023,2024-12-09 00:00:00,2024,fall,bat.galim,out,2,complex.rock,curch.complex,B,3.2,shallow,13,Sarah.Ohayon,Yuval.sonego,18,R,1,5,,,terf,,,,,1
1023,2024-12-09 00:00:00,2024,fall,bat.galim,out,2,complex.rock,curch.complex,B,3.2,shallow,13,Sarah.Ohayon,Yuval.sonego,20,R,1,5,,,terf,,,,,2
1024,2024-12-09 00:00:00,2024,fall,bat.galim,out,2,complex.rock,curch.complex,C,3.2,shallow,13,Sarah.Ohayon,Yuval.sonego,2,R,1,3,,,terf,,,,,1
1024,2024-12-09 00:00:00,2024,fall,bat.galim,out,2,complex.rock,curch.complex,C,3.2,shallow,13,Sarah.Ohayon,Yuval.sonego,4,R,1,2,,,terf,,,,,1
1024,2024-12-09 00:00:00,2024,fall,bat.galim,out,2,complex.rock,curch.complex,C,3.2,shallow,13,Sarah.Ohayon,Yuval.sonego,6,R,1,3,,,terf,,,,,1
1024,2024-12-09 00:00:00,2024,fall,bat.galim,out,2,complex.rock,curch.complex,C,3.2,shallow,13,Sarah.Ohayon,Yuval.sonego,8,R,1,3,,,terf,,,,,2
1024,2024-12-09 00:00:00,2024,fall,bat.galim,out,2,complex.rock,curch.complex,C,3.2,shallow,13,Sarah.Ohayon,Yuval.sonego,10,R,1,3,,,terf,,,,,1
1024,2024-12-09 00:00:00,2024,fall,bat.galim,out,2,complex.rock,curch.complex,C,3.2,shallow,13,Sarah.Ohayon,Yuval.sonego,12,R,1,3,,,terf,,,,,1
1024,2024-12-09 00:00:00,2024,fall,bat.galim,out,2,complex.rock,curch.complex,C,3.2,shallow,13,Sarah.Ohayon,Yuval.sonego,14,R,1,4,,,terf,,,,,2
1024,2024-12-09 00:00:00,2024,fall,bat.galim,out,2,complex.rock,curch.complex,C,3.2,shallow,13,Sarah.Ohayon,Yuval.sonego,16,R,1,4,,,terf,,,,,1
1024,2024-12-09 00:00:00,2024,fall,bat.galim,out,2,complex.rock,curch.complex,C,3.2,shallow,13,Sarah.Ohayon,Yuval.sonego,18,R,1,5,,,terf,,,,,2
1024,2024-12-09 00:00:00,2024,fall,bat.galim,out,2,complex.rock,curch.complex,C,3.2,shallow,13,Sarah.Ohayon,Yuval.sonego,20,R,1,4,,,terf,,,,,1
1025,2024-12-09 00:00:00,2024,fall,bat.galim,out,3,complex.rock,papa.arches.complex,A,2.5,shallow,6,Sarah.Ohayon,Yuval.sonego,2,R,1,3,C,1,terf,,,,,2
1025,2024-12-09 00:00:00,2024,fall,bat.galim,out,3,complex.rock,papa.arches.complex,A,2.5,shallow,6,Sarah.Ohayon,Yuval.sonego,4,R,1,2,C,1,terf,,,,,1
1025,2024-12-09 00:00:00,2024,fall,bat.galim,out,3,complex.rock,papa.arches.complex,A,2.5,shallow,6,Sarah.Ohayon,Yuval.sonego,6,R,1,2,,,terf,,,,,2
1025,2024-12-09 00:00:00,2024,fall,bat.galim,out,3,complex.rock,papa.arches.complex,A,2.5,shallow,6,Sarah.Ohayon,Yuval.sonego,8,R,1,2,,,terf,,,,,1
1025,2024-12-09 00:00:00,2024,fall,bat.galim,out,3,complex.rock,papa.arches.complex,A,2.5,shallow,6,Sarah.Ohayon,Yuval.sonego,10,R,1,3,,,terf,,,,,2
1025,2024-12-09 00:00:00,2024,fall,bat.galim,out,3,complex.rock,papa.arches.complex,A,2.5,shallow,6,Sarah.Ohayon,Yuval.sonego,12,R,1,2,,,terf,,,,,1
1025,2024-12-09 00:00:00,2024,fall,bat.galim,out,3,complex.rock,papa.arches.complex,A,2.5,shallow,6,Sarah.Ohayon,Yuval.sonego,14,R,1,2,,,terf,,,,,1
1025,2024-12-09 00:00:00,2024,fall,bat.galim,out,3,complex.rock,papa.arches.complex,A,2.5,shallow,6,Sarah.Ohayon,Yuval.sonego,16,R,1,3,,,terf,,,,,2
1025,2024-12-09 00:00:00,2024,fall,bat.galim,out,3,complex.rock,papa.arches.complex,A,2.5,shallow,6,Sarah.Ohayon,Yuval.sonego,18,R,1,3,,,terf,,,,,1
1025,2024-12-09 00:00:00,2024,fall,bat.galim,out,3,complex.rock,papa.arches.complex,A,2.5,shallow,6,Sarah.Ohayon,Yuval.sonego,20,R,1,3,,,terf,,,,,2
1026,2024-12-09 00:00:00,2024,fall,bat.galim,out,3,complex.rock,papa.arches.complex,B,2.5,shallow,6,Sarah.Ohayon,Yuval.sonego,2,R,1,3,"C,O",2,terf,,,,,1
1026,2024-12-09 00:00:00,2024,fall,bat.galim,out,3,complex.rock,papa.arches.complex,B,2.5,shallow,6,Sarah.Ohayon,Yuval.sonego,4,R,1,4,C,1,terf,,,,,2
1026,2024-12-09 00:00:00,2024,fall,bat.galim,out,3,complex.rock,papa.arches.complex,B,2.5,shallow,6,Sarah.Ohayon,Yuval.sonego,6,R,1,3,C,1,terf,,,,,1
1026,2024-12-09 00:00:00,2024,fall,bat.galim,out,3,complex.rock,papa.arches.complex,B,2.5,shallow,6,Sarah.Ohayon,Yuval.sonego,8,R,1,3,C,1,terf,,,,,1
1026,2024-12-09 00:00:00,2024,fall,bat.galim,out,3,complex.rock,papa.arches.complex,B,2.5,shallow,6,Sarah.Ohayon,Yuval.sonego,10,R,1,3,,,terf,,,,,1
1026,2024-12-09 00:00:00,2024,fall,bat.galim,out,3,complex.rock,papa.arches.complex,B,2.5,shallow,6,Sarah.Ohayon,Yuval.sonego,12,R,1,4,O,1,terf,,,,,2
1026,2024-12-09 00:00:00,2024,fall,bat.galim,out,3,complex.rock,papa.arches.complex,B,2.5,shallow,6,Sarah.Ohayon,Yuval.sonego,14,R,1,4,O,1,terf,,,,,2
1026,2024-12-09 00:00:00,2024,fall,bat.galim,out,3,complex.rock,papa.arches.complex,B,2.5,shallow,6,Sarah.Ohayon,Yuval.sonego,16,R,1,3,,,terf,,,,,3
1026,2024-12-09 00:00:00,2024,fall,bat.galim,out,3,complex.rock,papa.arches.complex,B,2.5,shallow,6,Sarah.Ohayon,Yuval.sonego,18,R,1,4,,,terf,,,,,1
1026,2024-12-09 00:00:00,2024,fall,bat.galim,out,3,complex.rock,papa.arches.complex,B,2.5,shallow,6,Sarah.Ohayon,Yuval.sonego,20,R,1,4,,,terf,,,,,1
1027,2024-12-09 00:00:00,2024,fall,bat.galim,out,3,complex.rock,papa.arches.complex,C,2.5,shallow,6,Sarah.Ohayon,Yuval.sonego,2,R,1,4,O,1,terf,,,,,1
1027,2024-12-09 00:00:00,2024,fall,bat.galim,out,3,complex.rock,papa.arches.complex,C,2.5,shallow,6,Sarah.Ohayon,Yuval.sonego,4,R,1,3,O,1,terf,,,,,2
1027,2024-12-09 00:00:00,2024,fall,bat.galim,out,3,complex.rock,papa.arches.complex,C,2.5,shallow,6,Sarah.Ohayon,Yuval.sonego,6,R,1,3,,,terf,,,,,1
1027,2024-12-09 00:00:00,2024,fall,bat.galim,out,3,complex.rock,papa.arches.complex,C,2.5,shallow,6,Sarah.Ohayon,Yuval.sonego,8,R,1,4,,,terf,,,,,1
1027,2024-12-09 00:00:00,2024,fall,bat.galim,out,3,complex.rock,papa.arches.complex,C,2.5,shallow,6,Sarah.Ohayon,Yuval.sonego,10,R,1,3,,,terf,,,,,1
1027,2024-12-09 00:00:00,2024,fall,bat.galim,out,3,complex.rock,papa.arches.complex,C,2.5,shallow,6,Sarah.Ohayon,Yuval.sonego,12,R,1,3,,,terf,,,,,2
1027,2024-12-09 00:00:00,2024,fall,bat.galim,out,3,complex.rock,papa.arches.complex,C,2.5,shallow,6,Sarah.Ohayon,Yuval.sonego,14,R,1,3,,,terf,,,,,2
1027,2024-12-09 00:00:00,2024,fall,bat.galim,out,3,complex.rock,papa.arches.complex,C,2.5,shallow,6,Sarah.Ohayon,Yuval.sonego,16,R,1,4,,,terf,,,,,1
1027,2024-12-09 00:00:00,2024,fall,bat.galim,out,3,complex.rock,papa.arches.complex,C,2.5,shallow,6,Sarah.Ohayon,Yuval.sonego,18,R,1,3,O,1,terf,,,,,2
1027,2024-12-09 00:00:00,2024,fall,bat.galim,out,3,complex.rock,papa.arches.complex,C,2.5,shallow,6,Sarah.Ohayon,Yuval.sonego,20,R,1,3,O,1,terf,,,,,2
1028,2024-12-09 00:00:00,2024,fall,bat.galim,out,4,macroalgal.beds,surfers.bay.macroalgae,A,2,shallow,11,Sarah.Ohayon,Yuval.sonego,2,R,1,1,,,sargassum.vulgare,,,15,10,
1028,2024-12-09 00:00:00,2024,fall,bat.galim,out,4,macroalgal.beds,surfers.bay.macroalgae,A,2,shallow,11,Sarah.Ohayon,Yuval.sonego,4,R,1,1,,,sargassum.vulgare,,,17.5,12,
1028,2024-12-09 00:00:00,2024,fall,bat.galim,out,4,macroalgal.beds,surfers.bay.macroalgae,A,2,shallow,11,Sarah.Ohayon,Yuval.sonego,6,R,1,1,,,sargassum.vulgare,,,18,5,
1028,2024-12-09 00:00:00,2024,fall,bat.galim,out,4,macroalgal.beds,surfers.bay.macroalgae,A,2,shallow,11,Sarah.Ohayon,Yuval.sonego,8,R,1,1,,,sargassum.vulgare,,,21,11,
1028,2024-12-09 00:00:00,2024,fall,bat.galim,out,4,macroalgal.beds,surfers.bay.macroalgae,A,2,shallow,11,Sarah.Ohayon,Yuval.sonego,10,R,1,1,,,sargassum.vulgare,,,17,7,
1028,2024-12-09 00:00:00,2024,fall,bat.galim,out,4,macroalgal.beds,surfers.bay.macroalgae,A,2,shallow,11,Sarah.Ohayon,Yuval.sonego,12,R,1,1,,,sargassum.vulgare,,,18,7,
1028,2024-12-09 00:00:00,2024,fall,bat.galim,out,4,macroalgal.beds,surfers.bay.macroalgae,A,2,shallow,11,Sarah.Ohayon,Yuval.sonego,14,R,1,1,,,sargassum.vulgare,,,16,7,
1028,2024-12-09 00:00:00,2024,fall,bat.galim,out,4,macroalgal.beds,surfers.bay.macroalgae,A,2,shallow,11,Sarah.Ohayon,Yuval.sonego,16,R,1,1,,,sargassum.vulgare,,,17,7,
1028,2024-12-09 00:00:00,2024,fall,bat.galim,out,4,macroalgal.beds,surfers.bay.macroalgae,A,2,shallow,11,Sarah.Ohayon,Yuval.sonego,18,R,1,1,,,sargassum.vulgare,,,16,11,
1028,2024-12-09 00:00:00,2024,fall,bat.galim,out,4,macroalgal.beds,surfers.bay.macroalgae,A,2,shallow,11,Sarah.Ohayon,Yuval.sonego,20,R,1,1,,,sargassum.vulgare,,,19,11,
1029,2024-12-09 00:00:00,2024,fall,bat.galim,out,4,macroalgal.beds,surfers.bay.macroalgae,B,2,shallow,11,Sarah.Ohayon,Yuval.sonego,2,R,1,1,,,sargassum.vulgare,,,16,7,
1029,2024-12-09 00:00:00,2024,fall,bat.galim,out,4,macroalgal.beds,surfers.bay.macroalgae,B,2,shallow,11,Sarah.Ohayon,Yuval.sonego,4,R,1,1,,,sargassum.vulgare,,,14,11,
1029,2024-12-09 00:00:00,2024,fall,bat.galim,out,4,macroalgal.beds,surfers.bay.macroalgae,B,2,shallow,11,Sarah.Ohayon,Yuval.sonego,6,R,1,1,,,sargassum.vulgare,,,17,4,
1029,2024-12-09 00:00:00,2024,fall,bat.galim,out,4,macroalgal.beds,surfers.bay.macroalgae,B,2,shallow,11,Sarah.Ohayon,Yuval.sonego,8,R,1,1,,,sargassum.vulgare,,,20,9,
1029,2024-12-09 00:00:00,2024,fall,bat.galim,out,4,macroalgal.beds,surfers.bay.macroalgae,B,2,shallow,11,Sarah.Ohayon,Yuval.sonego,10,R,1,1,,,sargassum.vulgare,,,24,9,
1029,2024-12-09 00:00:00,2024,fall,bat.galim,out,4,macroalgal.beds,surfers.bay.macroalgae,B,2,shallow,11,Sarah.Ohayon,Yuval.sonego,12,R,1,1,,,sargassum.vulgare,,,16,6,
1029,2024-12-09 00:00:00,2024,fall,bat.galim,out,4,macroalgal.beds,surfers.bay.macroalgae,B,2,shallow,11,Sarah.Ohayon,Yuval.sonego,14,R,1,1,,,sargassum.vulgare,,,17,10,
1029,2024-12-09 00:00:00,2024,fall,bat.galim,out,4,macroalgal.beds,surfers.bay.macroalgae,B,2,shallow,11,Sarah.Ohayon,Yuval.sonego,16,R,1,1,,,sargassum.vulgare,,,12,10,
1029,2024-12-09 00:00:00,2024,fall,bat.galim,out,4,macroalgal.beds,surfers.bay.macroalgae,B,2,shallow,11,Sarah.Ohayon,Yuval.sonego,18,R,1,1,,,sargassum.vulgare,,,21,8,
1029,2024-12-09 00:00:00,2024,fall,bat.galim,out,4,macroalgal.beds,surfers.bay.macroalgae,B,2,shallow,11,Sarah.Ohayon,Yuval.sonego,20,R,1,1,,,sargassum.vulgare,,,17,7,
1030,2024-12-09 00:00:00,2024,fall,bat.galim,out,4,macroalgal.beds,surfers.bay.macroalgae,C,2,shallow,11,Sarah.Ohayon,Yuval.sonego,2,R,1,1,,,sargassum.vulgare,,,21,8,
1030,2024-12-09 00:00:00,2024,fall,bat.galim,out,4,macroalgal.beds,surfers.bay.macroalgae,C,2,shallow,11,Sarah.Ohayon,Yuval.sonego,4,R,1,1,,,sargassum.vulgare,,,16,7,
1030,2024-12-09 00:00:00,2024,fall,bat.galim,out,4,macroalgal.beds,surfers.bay.macroalgae,C,2,shallow,11,Sarah.Ohayon,Yuval.sonego,6,R,1,1,,,sargassum.vulgare,,,20,8,
1030,2024-12-09 00:00:00,2024,fall,bat.galim,out,4,macroalgal.beds,surfers.bay.macroalgae,C,2,shallow,11,Sarah.Ohayon,Yuval.sonego,8,R,1,1,,,sargassum.vulgare,,,14,6,
1030,2024-12-09 00:00:00,2024,fall,bat.galim,out,4,macroalgal.beds,surfers.bay.macroalgae,C,2,shallow,11,Sarah.Ohayon,Yuval.sonego,10,R,1,1,,,sargassum.vulgare,,,16,9,
1030,2024-12-09 00:00:00,2024,fall,bat.galim,out,4,macroalgal.beds,surfers.bay.macroalgae,C,2,shallow,11,Sarah.Ohayon,Yuval.sonego,12,R,1,1,,,sargassum.vulgare,,,19,4,
1030,2024-12-09 00:00:00,2024,fall,bat.galim,out,4,macroalgal.beds,surfers.bay.macroalgae,C,2,shallow,11,Sarah.Ohayon,Yuval.sonego,14,R,1,1,,,sargassum.vulgare,,,22,4,
1030,2024-12-09 00:00:00,2024,fall,bat.galim,out,4,macroalgal.beds,surfers.bay.macroalgae,C,2,shallow,11,Sarah.Ohayon,Yuval.sonego,16,R,1,1,,,sargassum.vulgare,,,14,6,
1030,2024-12-09 00:00:00,2024,fall,bat.galim,out,4,macroalgal.beds,surfers.bay.macroalgae,C,2,shallow,11,Sarah.Ohayon,Yuval.sonego,18,R,1,1,,,sargassum.vulgare,,,18,7,
1030,2024-12-09 00:00:00,2024,fall,bat.galim,out,4,macroalgal.beds,surfers.bay.macroalgae,C,2,shallow,11,Sarah.Ohayon,Yuval.sonego,20,R,1,1,,,sargassum.vulgare,,,19,6,
1031,2025-03-16 00:00:00,2025,spring,bat.galim,out,1,macroalgal.beds,iolr.macroalgae.diverse,A,1.9,shallow,22,Sarah.Ohayon,Yuval.sonego,2.5,R,1,1,,,gongolaria.rayssiae,16.3,9,0,0,
1031,2025-03-16 00:00:00,2025,spring,bat.galim,out,1,macroalgal.beds,iolr.macroalgae.diverse,A,1.9,shallow,22,Sarah.Ohayon,Yuval.sonego,5,R,1,2,P,1,gongolaria.rayssiae,17.2,7,0,0,
1031,2025-03-16 00:00:00,2025,spring,bat.galim,out,1,macroalgal.beds,iolr.macroalgae.diverse,A,1.9,shallow,22,Sarah.Ohayon,Yuval.sonego,7.5,R,1,1,,,gongolaria.rayssiae,18.2,4,0,0,
1031,2025-03-16 00:00:00,2025,spring,bat.galim,out,1,macroalgal.beds,iolr.macroalgae.diverse,A,1.9,shallow,22,Sarah.Ohayon,Yuval.sonego,10,R,1,1,,,gongolaria.rayssiae,18.1,11,0,0,
1031,2025-03-16 00:00:00,2025,spring,bat.galim,out,1,macroalgal.beds,iolr.macroalgae.diverse,A,1.9,shallow,22,Sarah.Ohayon,Yuval.sonego,12.5,R,1,1,,,gongolaria.rayssiae,16.8,4,0,0,
1031,2025-03-16 00:00:00,2025,spring,bat.galim,out,1,macroalgal.beds,iolr.macroalgae.diverse,A,1.9,shallow,22,Sarah.Ohayon,Yuval.sonego,15,R,1,1,,,gongolaria.rayssiae,15.6,9,0,0,
1031,2025-03-16 00:00:00,2025,spring,bat.galim,out,1,macroalgal.beds,iolr.macroalgae.diverse,A,1.9,shallow,22,Sarah.Ohayon,Yuval.sonego,17.5,R,1,1,,,gongolaria.rayssiae,0,0,0,0,
1031,2025-03-16 00:00:00,2025,spring,bat.galim,out,1,macroalgal.beds,iolr.macroalgae.diverse,A,1.9,shallow,22,Sarah.Ohayon,Yuval.sonego,20,R,1,1,,,gongolaria.rayssiae,13.5,2,0,0,
1031,2025-03-16 00:00:00,2025,spring,bat.galim,out,1,macroalgal.beds,iolr.macroalgae.diverse,A,1.9,shallow,22,Sarah.Ohayon,Yuval.sonego,22.5,R,1,1,,,gongolaria.rayssiae,17.3,4,0,0,
1032,2025-03-16 00:00:00,2025,spring,bat.galim,out,1,macroalgal.beds,iolr.macroalgae.diverse,B,1.9,shallow,22,Sarah.Ohayon,Yuval.sonego,2.5,R,1,1,,,gongolaria.rayssiae,19.1,4,0,0,
1032,2025-03-16 00:00:00,2025,spring,bat.galim,out,1,macroalgal.beds,iolr.macroalgae.diverse,B,1.9,shallow,22,Sarah.Ohayon,Yuval.sonego,5,R,1,1,,,gongolaria.rayssiae,18.3,5,10.5,2,
1032,2025-03-16 00:00:00,2025,spring,bat.galim,out,1,macroalgal.beds,iolr.macroalgae.diverse,B,1.9,shallow,22,Sarah.Ohayon,Yuval.sonego,7.5,R,1,2,,,gongolaria.rayssiae,21.2,9,0.5,1,
1032,2025-03-16 00:00:00,2025,spring,bat.galim,out,1,macroalgal.beds,iolr.macroalgae.diverse,B,1.9,shallow,22,Sarah.Ohayon,Yuval.sonego,10,R,1,1,,,gongolaria.rayssiae,12.6,3,0,0,
1032,2025-03-16 00:00:00,2025,spring,bat.galim,out,1,macroalgal.beds,iolr.macroalgae.diverse,B,1.9,shallow,22,Sarah.Ohayon,Yuval.sonego,12.5,R,1,1,,,gongolaria.rayssiae,15.3,3,8.5,2,
1032,2025-03-16 00:00:00,2025,spring,bat.galim,out,1,macroalgal.beds,iolr.macroalgae.diverse,B,1.9,shallow,22,Sarah.Ohayon,Yuval.sonego,15,R,1,1,P,1,gongolaria.rayssiae,12.3,5,3.2,1,
1032,2025-03-16 00:00:00,2025,spring,bat.galim,out,1,macroalgal.beds,iolr.macroalgae.diverse,B,1.9,shallow,22,Sarah.Ohayon,Yuval.sonego,17.5,R,1,1,,,gongolaria.rayssiae,15,4,5,1,
1032,2025-03-16 00:00:00,2025,spring,bat.galim,out,1,macroalgal.beds,iolr.macroalgae.diverse,B,1.9,shallow,22,Sarah.Ohayon,Yuval.sonego,20,R,1,1,,,gongolaria.rayssiae,19.2,7,0,0,
1032,2025-03-16 00:00:00,2025,spring,bat.galim,out,1,macroalgal.beds,iolr.macroalgae.diverse,B,1.9,shallow,22,Sarah.Ohayon,Yuval.sonego,22.5,R,1,1,,,gongolaria.rayssiae,16,2,8,1,
1033,2025-03-16 00:00:00,2025,spring,bat.galim,out,1,macroalgal.beds,iolr.macroalgae.diverse,C,1.9,shallow,22,Sarah.Ohayon,Yuval.sonego,2.5,R,1,1,,,gongolaria.rayssiae,22.5,2,0,0,
1033,2025-03-16 00:00:00,2025,spring,bat.galim,out,1,macroalgal.beds,iolr.macroalgae.diverse,C,1.9,shallow,22,Sarah.Ohayon,Yuval.sonego,5,R,1,1,,,gongolaria.rayssiae,13.1,4,6.2,1,
1033,2025-03-16 00:00:00,2025,spring,bat.galim,out,1,macroalgal.beds,iolr.macroalgae.diverse,C,1.9,shallow,22,Sarah.Ohayon,Yuval.sonego,7.5,R,1,2,P,1,gongolaria.rayssiae,17.2,2,0,0,
1033,2025-03-16 00:00:00,2025,spring,bat.galim,out,1,macroalgal.beds,iolr.macroalgae.diverse,C,1.9,shallow,22,Sarah.Ohayon,Yuval.sonego,10,R,1,1,,,gongolaria.rayssiae,18.7,7,5,2,
1033,2025-03-16 00:00:00,2025,spring,bat.galim,out,1,macroalgal.beds,iolr.macroalgae.diverse,C,1.9,shallow,22,Sarah.Ohayon,Yuval.sonego,12.5,R,1,1,,,gongolaria.rayssiae,17.2,4,0,0,
1033,2025-03-16 00:00:00,2025,spring,bat.galim,out,1,macroalgal.beds,iolr.macroalgae.diverse,C,1.9,shallow,22,Sarah.Ohayon,Yuval.sonego,15,R,1,1,,,gongolaria.rayssiae,21.7,7,6.5,2,
1033,2025-03-16 00:00:00,2025,spring,bat.galim,out,1,macroalgal.beds,iolr.macroalgae.diverse,C,1.9,shallow,22,Sarah.Ohayon,Yuval.sonego,17.5,R,1,1,,,gongolaria.rayssiae,14.9,6,0,0,
1033,2025-03-16 00:00:00,2025,spring,bat.galim,out,1,macroalgal.beds,iolr.macroalgae.diverse,C,1.9,shallow,22,Sarah.Ohayon,Yuval.sonego,20,R,1,1,,,gongolaria.rayssiae,17.4,2,0,0,
1033,2025-03-16 00:00:00,2025,spring,bat.galim,out,1,macroalgal.beds,iolr.macroalgae.diverse,C,1.9,shallow,22,Sarah.Ohayon,Yuval.sonego,22.5,R,1,1,,,gongolaria.rayssiae,18.3,8,7,1,
1034,2025-03-16 00:00:00,2025,spring,bat.galim,out,1,macroalgal.beds,iolr.macroalgae.diverse,D,1.9,shallow,22,Sarah.Ohayon,Yuval.sonego,2.5,R,1,1,,,gongolaria.rayssiae,17.9,7,0,0,
1034,2025-03-16 00:00:00,2025,spring,bat.galim,out,1,macroalgal.beds,iolr.macroalgae.diverse,D,1.9,shallow,22,Sarah.Ohayon,Yuval.sonego,5,R,1,2,,,gongolaria.rayssiae,22,8,0,0,
1034,2025-03-16 00:00:00,2025,spring,bat.galim,out,1,macroalgal.beds,iolr.macroalgae.diverse,D,1.9,shallow,22,Sarah.Ohayon,Yuval.sonego,7.5,R,1,2,,,gongolaria.rayssiae,12.8,2,2,1,
1034,2025-03-16 00:00:00,2025,spring,bat.galim,out,1,macroalgal.beds,iolr.macroalgae.diverse,D,1.9,shallow,22,Sarah.Ohayon,Yuval.sonego,10,R,1,2,,,gongolaria.rayssiae,20,5,0,0,
1034,2025-03-16 00:00:00,2025,spring,bat.galim,out,1,macroalgal.beds,iolr.macroalgae.diverse,D,1.9,shallow,22,Sarah.Ohayon,Yuval.sonego,12.5,R,1,2,,,gongolaria.rayssiae,16.1,6,4,2,
1034,2025-03-16 00:00:00,2025,spring,bat.galim,out,1,macroalgal.beds,iolr.macroalgae.diverse,D,1.9,shallow,22,Sarah.Ohayon,Yuval.sonego,15,R,1,1,,,gongolaria.rayssiae,14,5,0,0,
1034,2025-03-16 00:00:00,2025,spring,bat.galim,out,1,macroalgal.beds,iolr.macroalgae.diverse,D,1.9,shallow,22,Sarah.Ohayon,Yuval.sonego,17.5,R,1,2,,,gongolaria.rayssiae,17.2,6,2.7,1,
1034,2025-03-16 00:00:00,2025,spring,bat.galim,out,1,macroalgal.beds,iolr.macroalgae.diverse,D,1.9,shallow,22,Sarah.Ohayon,Yuval.sonego,20,R,1,2,,,gongolaria.rayssiae,17.5,4,5,3,
1034,2025-03-16 00:00:00,2025,spring,bat.galim,out,1,macroalgal.beds,iolr.macroalgae.diverse,D,1.9,shallow,22,Sarah.Ohayon,Yuval.sonego,22.5,R,1,2,,,gongolaria.rayssiae,27.4,6,11,2,
1035,2025-03-16 00:00:00,2025,spring,bat.galim,out,2,complex.rock,curch.complex,A,1.5,shallow,22,Sarah.Ohayon,Yuval.sonego,2.5,R,1,2,,,terf,,,,,1
1035,2025-03-16 00:00:00,2025,spring,bat.galim,out,2,complex.rock,curch.complex,A,1.5,shallow,22,Sarah.Ohayon,Yuval.sonego,5,R,1,2,,,terf,,,,,1
1035,2025-03-16 00:00:00,2025,spring,bat.galim,out,2,complex.rock,curch.complex,A,1.5,shallow,22,Sarah.Ohayon,Yuval.sonego,7.5,R,1,3,C,1,terf,,,,,1
1035,2025-03-16 00:00:00,2025,spring,bat.galim,out,2,complex.rock,curch.complex,A,1.5,shallow,22,Sarah.Ohayon,Yuval.sonego,10,R,1,3,P,1,terf,,,,,1
1035,2025-03-16 00:00:00,2025,spring,bat.galim,out,2,complex.rock,curch.complex,A,1.5,shallow,22,Sarah.Ohayon,Yuval.sonego,12.5,R,1,3,,,terf,,,,,1
1035,2025-03-16 00:00:00,2025,spring,bat.galim,out,2,complex.rock,curch.complex,A,1.5,shallow,22,Sarah.Ohayon,Yuval.sonego,15,R,1,3,,,terf,,,,,1
1035,2025-03-16 00:00:00,2025,spring,bat.galim,out,2,complex.rock,curch.complex,A,1.5,shallow,22,Sarah.Ohayon,Yuval.sonego,17.5,R,1,3,P,1,terf,,,,,1
1035,2025-03-16 00:00:00,2025,spring,bat.galim,out,2,complex.rock,curch.complex,A,1.5,shallow,22,Sarah.Ohayon,Yuval.sonego,20,R,1,3,,,terf,,,,,1
1035,2025-03-16 00:00:00,2025,spring,bat.galim,out,2,complex.rock,curch.complex,A,1.5,shallow,22,Sarah.Ohayon,Yuval.sonego,22.5,R,1,3,,,terf,,,,,1
1036,2025-03-16 00:00:00,2025,spring,bat.galim,out,2,complex.rock,curch.complex,B,2,shallow,22,Sarah.Ohayon,Yuval.sonego,2.5,R,1,2,,,terf,,,,,0.5
1036,2025-03-16 00:00:00,2025,spring,bat.galim,out,2,complex.rock,curch.complex,B,2,shallow,22,Sarah.Ohayon,Yuval.sonego,5,R,1,2,,,terf,,,,,0.5
1036,2025-03-16 00:00:00,2025,spring,bat.galim,out,2,complex.rock,curch.complex,B,2,shallow,22,Sarah.Ohayon,Yuval.sonego,7.5,R,1,3,C,1,terf,,,,,0.5
1036,2025-03-16 00:00:00,2025,spring,bat.galim,out,2,complex.rock,curch.complex,B,2,shallow,22,Sarah.Ohayon,Yuval.sonego,10,R,1,3,C,1,terf,,,,,0.5
1036,2025-03-16 00:00:00,2025,spring,bat.galim,out,2,complex.rock,curch.complex,B,2,shallow,22,Sarah.Ohayon,Yuval.sonego,12.5,R,1,3,C,1,terf,,,,,0.5
1036,2025-03-16 00:00:00,2025,spring,bat.galim,out,2,complex.rock,curch.complex,B,2,shallow,22,Sarah.Ohayon,Yuval.sonego,15,R,1,3,C,1,terf,,,,,0.5
1036,2025-03-16 00:00:00,2025,spring,bat.galim,out,2,complex.rock,curch.complex,B,2,shallow,22,Sarah.Ohayon,Yuval.sonego,17.5,R,1,3,"C,O",2,terf,,,,,0.5
1036,2025-03-16 00:00:00,2025,spring,bat.galim,out,2,complex.rock,curch.complex,B,2,shallow,22,Sarah.Ohayon,Yuval.sonego,20,R,1,3,,,terf,,,,,0.5
1036,2025-03-16 00:00:00,2025,spring,bat.galim,out,2,complex.rock,curch.complex,B,2,shallow,22,Sarah.Ohayon,Yuval.sonego,22.5,R,1,3,C,1,terf,,,,,0.5
1037,2025-03-16 00:00:00,2025,spring,bat.galim,out,2,complex.rock,curch.complex,C,2.1,shallow,22,Sarah.Ohayon,Yuval.sonego,2.5,R,1,3,O,1,terf,,,,,0.2
1037,2025-03-16 00:00:00,2025,spring,bat.galim,out,2,complex.rock,curch.complex,C,2.1,shallow,22,Sarah.Ohayon,Yuval.sonego,5,R,1,3,O,1,terf,,,,,0.2
1037,2025-03-16 00:00:00,2025,spring,bat.galim,out,2,complex.rock,curch.complex,C,2.1,shallow,22,Sarah.Ohayon,Yuval.sonego,7.5,R,1,3,O,1,terf,,,,,0.2
1037,2025-03-16 00:00:00,2025,spring,bat.galim,out,2,complex.rock,curch.complex,C,2.1,shallow,22,Sarah.Ohayon,Yuval.sonego,10,R,1,3,O,1,terf,,,,,0.2
1037,2025-03-16 00:00:00,2025,spring,bat.galim,out,2,complex.rock,curch.complex,C,2.1,shallow,22,Sarah.Ohayon,Yuval.sonego,12.5,R,1,3,O,1,terf,,,,,0.2
1037,2025-03-16 00:00:00,2025,spring,bat.galim,out,2,complex.rock,curch.complex,C,2.1,shallow,22,Sarah.Ohayon,Yuval.sonego,15,R,1,3,O,1,terf,,,,,0.2
1037,2025-03-16 00:00:00,2025,spring,bat.galim,out,2,complex.rock,curch.complex,C,2.1,shallow,22,Sarah.Ohayon,Yuval.sonego,17.5,R,1,3,O,1,terf,,,,,0.2
1037,2025-03-16 00:00:00,2025,spring,bat.galim,out,2,complex.rock,curch.complex,C,2.1,shallow,22,Sarah.Ohayon,Yuval.sonego,20,R,1,3,O,1,terf,,,,,0.2
1037,2025-03-16 00:00:00,2025,spring,bat.galim,out,2,complex.rock,curch.complex,C,2.1,shallow,22,Sarah.Ohayon,Yuval.sonego,22.5,R,1,3,O,1,terf,,,,,0.2
1038,2025-03-17 00:00:00,2025,spring,bat.galim,out,3,complex.rock,papa.arches.complex,A,3.4,shallow,23,Sarah.Ohayon,Yuval.sonego,2.5,R,1,3,C,1,terf,,,,,0.3
1038,2025-03-17 00:00:00,2025,spring,bat.galim,out,3,complex.rock,papa.arches.complex,A,3.4,shallow,23,Sarah.Ohayon,Yuval.sonego,5,R,1,3,C,1,terf,,,,,0.3
1038,2025-03-17 00:00:00,2025,spring,bat.galim,out,3,complex.rock,papa.arches.complex,A,3.4,shallow,23,Sarah.Ohayon,Yuval.sonego,7.5,R,1,3,C,1,terf,,,,,0.3
1038,2025-03-17 00:00:00,2025,spring,bat.galim,out,3,complex.rock,papa.arches.complex,A,3.4,shallow,23,Sarah.Ohayon,Yuval.sonego,10,R,1,3,C,1,terf,,,,,0.3
1038,2025-03-17 00:00:00,2025,spring,bat.galim,out,3,complex.rock,papa.arches.complex,A,3.4,shallow,23,Sarah.Ohayon,Yuval.sonego,12.5,R,1,3,C,1,terf,,,,,0.3
1038,2025-03-17 00:00:00,2025,spring,bat.galim,out,3,complex.rock,papa.arches.complex,A,3.4,shallow,23,Sarah.Ohayon,Yuval.sonego,15,R,1,4,G,1,terf,,,,,0.3
1038,2025-03-17 00:00:00,2025,spring,bat.galim,out,3,complex.rock,papa.arches.complex,A,3.4,shallow,23,Sarah.Ohayon,Yuval.sonego,17.5,R,1,3,,,terf,,,,,0.3
1038,2025-03-17 00:00:00,2025,spring,bat.galim,out,3,complex.rock,papa.arches.complex,A,3.4,shallow,23,Sarah.Ohayon,Yuval.sonego,20,R,1,2,,,terf,,,,,0.3
1038,2025-03-17 00:00:00,2025,spring,bat.galim,out,3,complex.rock,papa.arches.complex,A,3.4,shallow,23,Sarah.Ohayon,Yuval.sonego,22.5,R,1,2,,,terf,,,,,0.3
1039,2025-03-17 00:00:00,2025,spring,bat.galim,out,3,complex.rock,papa.arches.complex,B,3.4,shallow,23,Sarah.Ohayon,Yuval.sonego,2.5,R,1,2,,,terf,,,,,0.5
1039,2025-03-17 00:00:00,2025,spring,bat.galim,out,3,complex.rock,papa.arches.complex,B,3.4,shallow,23,Sarah.Ohayon,Yuval.sonego,5,R,1,2,,,terf,,,,,0.5
1039,2025-03-17 00:00:00,2025,spring,bat.galim,out,3,complex.rock,papa.arches.complex,B,3.4,shallow,23,Sarah.Ohayon,Yuval.sonego,7.5,R,1,3,,,terf,,,,,0.5
1039,2025-03-17 00:00:00,2025,spring,bat.galim,out,3,complex.rock,papa.arches.complex,B,3.4,shallow,23,Sarah.Ohayon,Yuval.sonego,10,R,1,4,"P,O",2,terf,,,,,0.5
1039,2025-03-17 00:00:00,2025,spring,bat.galim,out,3,complex.rock,papa.arches.complex,B,3.4,shallow,23,Sarah.Ohayon,Yuval.sonego,12.5,R,1,3,,,terf,,,,,0.5
1039,2025-03-17 00:00:00,2025,spring,bat.galim,out,3,complex.rock,papa.arches.complex,B,3.4,shallow,23,Sarah.Ohayon,Yuval.sonego,15,R,1,2,,,terf,,,,,0.5
1039,2025-03-17 00:00:00,2025,spring,bat.galim,out,3,complex.rock,papa.arches.complex,B,3.4,shallow,23,Sarah.Ohayon,Yuval.sonego,17.5,R,1,3,,,terf,,,,,0.5
1039,2025-03-17 00:00:00,2025,spring,bat.galim,out,3,complex.rock,papa.arches.complex,B,3.4,shallow,23,Sarah.Ohayon,Yuval.sonego,20,R,1,3,,,terf,,,,,0.5
1039,2025-03-17 00:00:00,2025,spring,bat.galim,out,3,complex.rock,papa.arches.complex,B,3.4,shallow,23,Sarah.Ohayon,Yuval.sonego,22.5,R,1,3,P,1,terf,,,,,0.5
1040,2025-03-17 00:00:00,2025,spring,bat.galim,out,3,complex.rock,papa.arches.complex,C,3.4,shallow,23,Sarah.Ohayon,Yuval.sonego,2.5,R,1,2,,,terf,,,,,1
1040,2025-03-17 00:00:00,2025,spring,bat.galim,out,3,complex.rock,papa.arches.complex,C,3.4,shallow,23,Sarah.Ohayon,Yuval.sonego,5,R,1,3,,,terf,,,,,1
1040,2025-03-17 00:00:00,2025,spring,bat.galim,out,3,complex.rock,papa.arches.complex,C,3.4,shallow,23,Sarah.Ohayon,Yuval.sonego,7.5,R,1,3,,,terf,,,,,1
1040,2025-03-17 00:00:00,2025,spring,bat.galim,out,3,complex.rock,papa.arches.complex,C,3.4,shallow,23,Sarah.Ohayon,Yuval.sonego,10,R,1,4,P,1,terf,,,,,1
1040,2025-03-17 00:00:00,2025,spring,bat.galim,out,3,complex.rock,papa.arches.complex,C,3.4,shallow,23,Sarah.Ohayon,Yuval.sonego,12.5,R,1,3,,,terf,,,,,1
1040,2025-03-17 00:00:00,2025,spring,bat.galim,out,3,complex.rock,papa.arches.complex,C,3.4,shallow,23,Sarah.Ohayon,Yuval.sonego,15,R,1,3,,,terf,,,,,1
1040,2025-03-17 00:00:00,2025,spring,bat.galim,out,3,complex.rock,papa.arches.complex,C,3.4,shallow,23,Sarah.Ohayon,Yuval.sonego,17.5,R,1,4,P,1,terf,,,,,1
1040,2025-03-17 00:00:00,2025,spring,bat.galim,out,3,complex.rock,papa.arches.complex,C,3.4,shallow,23,Sarah.Ohayon,Yuval.sonego,20,R,1,3,,,terf,,,,,1
1040,2025-03-17 00:00:00,2025,spring,bat.galim,out,3,complex.rock,papa.arches.complex,C,3.4,shallow,23,Sarah.Ohayon,Yuval.sonego,22.5,R,1,2,,,terf,,,,,1
1041,2025-03-17 00:00:00,2025,spring,bat.galim,out,3,complex.rock,papa.arches.complex,D,3.4,shallow,23,Sarah.Ohayon,Yuval.sonego,2.5,R,1,4,O,1,terf,,,,,0.5
1041,2025-03-17 00:00:00,2025,spring,bat.galim,out,3,complex.rock,papa.arches.complex,D,3.4,shallow,23,Sarah.Ohayon,Yuval.sonego,5,R,1,4,O,1,terf,,,,,0.5
1041,2025-03-17 00:00:00,2025,spring,bat.galim,out,3,complex.rock,papa.arches.complex,D,3.4,shallow,23,Sarah.Ohayon,Yuval.sonego,7.5,R,1,4,O,1,terf,,,,,0.5
1041,2025-03-17 00:00:00,2025,spring,bat.galim,out,3,complex.rock,papa.arches.complex,D,3.4,shallow,23,Sarah.Ohayon,Yuval.sonego,10,R,1,4,O,1,terf,,,,,0.5
1041,2025-03-17 00:00:00,2025,spring,bat.galim,out,3,complex.rock,papa.arches.complex,D,3.4,shallow,23,Sarah.Ohayon,Yuval.sonego,12.5,R,1,4,O,1,terf,,,,,0.5
1041,2025-03-17 00:00:00,2025,spring,bat.galim,out,3,complex.rock,papa.arches.complex,D,3.4,shallow,23,Sarah.Ohayon,Yuval.sonego,15,R,1,5,O,1,terf,,,,,0.5
1041,2025-03-17 00:00:00,2025,spring,bat.galim,out,3,complex.rock,papa.arches.complex,D,3.4,shallow,23,Sarah.Ohayon,Yuval.sonego,17.5,R,1,5,O,1,terf,,,,,0.5
1041,2025-03-17 00:00:00,2025,spring,bat.galim,out,3,complex.rock,papa.arches.complex,D,3.4,shallow,23,Sarah.Ohayon,Yuval.sonego,20,R,1,5,O,1,terf,,,,,0.5
1041,2025-03-17 00:00:00,2025,spring,bat.galim,out,3,complex.rock,papa.arches.complex,D,3.4,shallow,23,Sarah.Ohayon,Yuval.sonego,22.5,R,1,5,O,1,terf,,,,,0.5
1042,2025-03-17 00:00:00,2025,spring,bat.galim,out,4,macroalgal.beds,surfers.bay.macroalgae,A,2.5,shallow,23,Sarah.Ohayon,Yuval.sonego,2.5,R,1,1,,,sargassum.vulgare,16,2,16.5,16,
1042,2025-03-17 00:00:00,2025,spring,bat.galim,out,4,macroalgal.beds,surfers.bay.macroalgae,A,2.5,shallow,23,Sarah.Ohayon,Yuval.sonego,5,R,1,1,,,sargassum.vulgare,15.2,2,11.3,9,
1042,2025-03-17 00:00:00,2025,spring,bat.galim,out,4,macroalgal.beds,surfers.bay.macroalgae,A,2.5,shallow,23,Sarah.Ohayon,Yuval.sonego,7.5,R,1,1,,,sargassum.vulgare,17,4,20,9,
1042,2025-03-17 00:00:00,2025,spring,bat.galim,out,4,macroalgal.beds,surfers.bay.macroalgae,A,2.5,shallow,23,Sarah.Ohayon,Yuval.sonego,10,R,1,1,,,sargassum.vulgare,5,1,18.2,10,
1042,2025-03-17 00:00:00,2025,spring,bat.galim,out,4,macroalgal.beds,surfers.bay.macroalgae,A,2.5,shallow,23,Sarah.Ohayon,Yuval.sonego,12.5,R,1,1,,,sargassum.vulgare,13.4,5,14.5,14,
1042,2025-03-17 00:00:00,2025,spring,bat.galim,out,4,macroalgal.beds,surfers.bay.macroalgae,A,2.5,shallow,23,Sarah.Ohayon,Yuval.sonego,15,R,1,1,,,sargassum.vulgare,17.5,4,14.5,8,
1042,2025-03-17 00:00:00,2025,spring,bat.galim,out,4,macroalgal.beds,surfers.bay.macroalgae,A,2.5,shallow,23,Sarah.Ohayon,Yuval.sonego,17.5,R,1,1,,,sargassum.vulgare,7.2,2,14.7,19,
1042,2025-03-17 00:00:00,2025,spring,bat.galim,out,4,macroalgal.beds,surfers.bay.macroalgae,A,2.5,shallow,23,Sarah.Ohayon,Yuval.sonego,20,R,1,1,,,sargassum.vulgare,0,0,15.2,13,
1042,2025-03-17 00:00:00,2025,spring,bat.galim,out,4,macroalgal.beds,surfers.bay.macroalgae,A,2.5,shallow,23,Sarah.Ohayon,Yuval.sonego,22.5,R,1,1,,,sargassum.vulgare,15,0,10.5,7,
1043,2025-03-17 00:00:00,2025,spring,bat.galim,out,4,macroalgal.beds,surfers.bay.macroalgae,B,2.5,shallow,23,Sarah.Ohayon,Yuval.sonego,2.5,R,1,1,,,sargassum.vulgare,8,2,10,10,
1043,2025-03-17 00:00:00,2025,spring,bat.galim,out,4,macroalgal.beds,surfers.bay.macroalgae,B,2.5,shallow,23,Sarah.Ohayon,Yuval.sonego,5,R,1,1,,,sargassum.vulgare,17.2,4,15.5,7,
1043,2025-03-17 00:00:00,2025,spring,bat.galim,out,4,macroalgal.beds,surfers.bay.macroalgae,B,2.5,shallow,23,Sarah.Ohayon,Yuval.sonego,7.5,R,1,1,,,sargassum.vulgare,9.5,1,18.2,8,
1043,2025-03-17 00:00:00,2025,spring,bat.galim,out,4,macroalgal.beds,surfers.bay.macroalgae,B,2.5,shallow,23,Sarah.Ohayon,Yuval.sonego,10,R,1,1,,,sargassum.vulgare,0,0,16.1,16,
1043,2025-03-17 00:00:00,2025,spring,bat.galim,out,4,macroalgal.beds,surfers.bay.macroalgae,B,2.5,shallow,23,Sarah.Ohayon,Yuval.sonego,12.5,R,1,1,,,sargassum.vulgare,11.5,1,15,15,
1043,2025-03-17 00:00:00,2025,spring,bat.galim,out,4,macroalgal.beds,surfers.bay.macroalgae,B,2.5,shallow,23,Sarah.Ohayon,Yuval.sonego,15,R,1,1,,,sargassum.vulgare,7,2,12,8,
1043,2025-03-17 00:00:00,2025,spring,bat.galim,out,4,macroalgal.beds,surfers.bay.macroalgae,B,2.5,shallow,23,Sarah.Ohayon,Yuval.sonego,17.5,R,1,1,,,sargassum.vulgare,16.8,5,13,5,
1043,2025-03-17 00:00:00,2025,spring,bat.galim,out,4,macroalgal.beds,surfers.bay.macroalgae,B,2.5,shallow,23,Sarah.Ohayon,Yuval.sonego,20,R,1,1,,,sargassum.vulgare,17.5,1,14.5,11,
1043,2025-03-17 00:00:00,2025,spring,bat.galim,out,4,macroalgal.beds,surfers.bay.macroalgae,B,2.5,shallow,23,Sarah.Ohayon,Yuval.sonego,22.5,R,1,1,,,sargassum.vulgare,0,0,15,19,
1044,2025-03-18 00:00:00,2025,spring,bat.galim,out,5,macroalgal.beds,promenade.macroalgae,A,1.9,shallow,18,Sarah.Ohayon,Yuval.sonego,2.5,R,1,1,,,gongolaria.rayssiae,22,9,,,
1044,2025-03-18 00:00:00,2025,spring,bat.galim,out,5,macroalgal.beds,promenade.macroalgae,A,1.9,shallow,18,Sarah.Ohayon,Yuval.sonego,5,R,1,1,,,gongolaria.rayssiae,16,9,,,
1044,2025-03-18 00:00:00,2025,spring,bat.galim,out,5,macroalgal.beds,promenade.macroalgae,A,1.9,shallow,18,Sarah.Ohayon,Yuval.sonego,7.5,R,1,1,,,gongolaria.rayssiae,25,11,,,
1044,2025-03-18 00:00:00,2025,spring,bat.galim,out,5,macroalgal.beds,promenade.macroalgae,A,1.9,shallow,18,Sarah.Ohayon,Yuval.sonego,10,R,1,1,,,gongolaria.rayssiae,24,11,,,
1044,2025-03-18 00:00:00,2025,spring,bat.galim,out,5,macroalgal.beds,promenade.macroalgae,A,1.9,shallow,18,Sarah.Ohayon,Yuval.sonego,12.5,R,1,1,,,gongolaria.rayssiae,21,16,,,
1044,2025-03-18 00:00:00,2025,spring,bat.galim,out,5,macroalgal.beds,promenade.macroalgae,A,1.9,shallow,18,Sarah.Ohayon,Yuval.sonego,15,R,1,1,,,gongolaria.rayssiae,18.5,8,,,
1044,2025-03-18 00:00:00,2025,spring,bat.galim,out,5,macroalgal.beds,promenade.macroalgae,A,1.9,shallow,18,Sarah.Ohayon,Yuval.sonego,17.5,R,1,1,,,gongolaria.rayssiae,0,0,,,
1044,2025-03-18 00:00:00,2025,spring,bat.galim,out,5,macroalgal.beds,promenade.macroalgae,A,1.9,shallow,18,Sarah.Ohayon,Yuval.sonego,20,R,1,1,,,gongolaria.rayssiae,16.2,14,,,
1044,2025-03-18 00:00:00,2025,spring,bat.galim,out,5,macroalgal.beds,promenade.macroalgae,A,1.9,shallow,18,Sarah.Ohayon,Yuval.sonego,22.5,R,1,1,,,gongolaria.rayssiae,20,10,,,
1045,2025-03-18 00:00:00,2025,spring,bat.galim,out,5,macroalgal.beds,promenade.macroalgae,B,1.9,shallow,18,Sarah.Ohayon,Yuval.sonego,2.5,R,1,1,,,gongolaria.rayssiae,14.5,10,,,
1045,2025-03-18 00:00:00,2025,spring,bat.galim,out,5,macroalgal.beds,promenade.macroalgae,B,1.9,shallow,18,Sarah.Ohayon,Yuval.sonego,5,R,1,1,,,gongolaria.rayssiae,20,8,,,
1045,2025-03-18 00:00:00,2025,spring,bat.galim,out,5,macroalgal.beds,promenade.macroalgae,B,1.9,shallow,18,Sarah.Ohayon,Yuval.sonego,7.5,R,1,1,,,gongolaria.rayssiae,19,11,,,
1045,2025-03-18 00:00:00,2025,spring,bat.galim,out,5,macroalgal.beds,promenade.macroalgae,B,1.9,shallow,18,Sarah.Ohayon,Yuval.sonego,10,R,1,1,,,gongolaria.rayssiae,18,10,,,
1045,2025-03-18 00:00:00,2025,spring,bat.galim,out,5,macroalgal.beds,promenade.macroalgae,B,1.9,shallow,18,Sarah.Ohayon,Yuval.sonego,12.5,R,1,1,,,gongolaria.rayssiae,16,13,,,
1045,2025-03-18 00:00:00,2025,spring,bat.galim,out,5,macroalgal.beds,promenade.macroalgae,B,1.9,shallow,18,Sarah.Ohayon,Yuval.sonego,15,R,1,1,,,gongolaria.rayssiae,20,20,,,
1045,2025-03-18 00:00:00,2025,spring,bat.galim,out,5,macroalgal.beds,promenade.macroalgae,B,1.9,shallow,18,Sarah.Ohayon,Yuval.sonego,17.5,R,1,1,,,gongolaria.rayssiae,21,16,,,
1045,2025-03-18 00:00:00,2025,spring,bat.galim,out,5,macroalgal.beds,promenade.macroalgae,B,1.9,shallow,18,Sarah.Ohayon,Yuval.sonego,20,R,1,1,,,gongolaria.rayssiae,20.1,7,,,
1045,2025-03-18 00:00:00,2025,spring,bat.galim,out,5,macroalgal.beds,promenade.macroalgae,B,1.9,shallow,18,Sarah.Ohayon,Yuval.sonego,22.5,R,1,1,,,gongolaria.rayssiae,24,13,,,
1046,2025-03-18 00:00:00,2025,spring,bat.galim,out,5,macroalgal.beds,promenade.macroalgae,C,1.9,shallow,18,Sarah.Ohayon,Yuval.sonego,2.5,R,1,1,,,gongolaria.rayssiae,18,14,,,
1046,2025-03-18 00:00:00,2025,spring,bat.galim,out,5,macroalgal.beds,promenade.macroalgae,C,1.9,shallow,18,Sarah.Ohayon,Yuval.sonego,5,R,1,1,,,gongolaria.rayssiae,19,10,,,
1046,2025-03-18 00:00:00,2025,spring,bat.galim,out,5,macroalgal.beds,promenade.macroalgae,C,1.9,shallow,18,Sarah.Ohayon,Yuval.sonego,7.5,R,1,1,,,gongolaria.rayssiae,24,14,,,
1046,2025-03-18 00:00:00,2025,spring,bat.galim,out,5,macroalgal.beds,promenade.macroalgae,C,1.9,shallow,18,Sarah.Ohayon,Yuval.sonego,10,R,1,1,,,gongolaria.rayssiae,19.5,14,,,
1046,2025-03-18 00:00:00,2025,spring,bat.galim,out,5,macroalgal.beds,promenade.macroalgae,C,1.9,shallow,18,Sarah.Ohayon,Yuval.sonego,12.5,R,1,1,,,gongolaria.rayssiae,19,10,,,
1046,2025-03-18 00:00:00,2025,spring,bat.galim,out,5,macroalgal.beds,promenade.macroalgae,C,1.9,shallow,18,Sarah.Ohayon,Yuval.sonego,15,R,1,1,,,gongolaria.rayssiae,9,6,,,
1046,2025-03-18 00:00:00,2025,spring,bat.galim,out,5,macroalgal.beds,promenade.macroalgae,C,1.9,shallow,18,Sarah.Ohayon,Yuval.sonego,17.5,R,1,1,,,gongolaria.rayssiae,20,8,,,
1046,2025-03-18 00:00:00,2025,spring,bat.galim,out,5,macroalgal.beds,promenade.macroalgae,C,1.9,shallow,18,Sarah.Ohayon,Yuval.sonego,20,R,1,1,,,gongolaria.rayssiae,17.5,4,,,
1046,2025-03-18 00:00:00,2025,spring,bat.galim,out,5,macroalgal.beds,promenade.macroalgae,C,1.9,shallow,18,Sarah.Ohayon,Yuval.sonego,22.5,R,1,1,,,gongolaria.rayssiae,20.2,8,,,
1047,2025-03-18 00:00:00,2025,spring,bat.galim,out,6,complex.rock,promenade.complex,A,2.6,shallow,15,Sarah.Ohayon,Yuval.sonego,2.5,R,1,3,C,1,terf,,,,,2
1047,2025-03-18 00:00:00,2025,spring,bat.galim,out,6,complex.rock,promenade.complex,A,2.6,shallow,15,Sarah.Ohayon,Yuval.sonego,5,R,1,3,,,terf,,,,,1
1047,2025-03-18 00:00:00,2025,spring,bat.galim,out,6,complex.rock,promenade.complex,A,2.6,shallow,15,Sarah.Ohayon,Yuval.sonego,7.5,R,1,3,,,terf,,,,,3
1047,2025-03-18 00:00:00,2025,spring,bat.galim,out,6,complex.rock,promenade.complex,A,2.6,shallow,15,Sarah.Ohayon,Yuval.sonego,10,R,1,3,C,1,terf,,,,,2
1047,2025-03-18 00:00:00,2025,spring,bat.galim,out,6,complex.rock,promenade.complex,A,2.6,shallow,15,Sarah.Ohayon,Yuval.sonego,12.5,R,1,3,,,terf,,,,,2
1047,2025-03-18 00:00:00,2025,spring,bat.galim,out,6,complex.rock,promenade.complex,A,2.6,shallow,15,Sarah.Ohayon,Yuval.sonego,15,R,1,3,,,terf,,,,,2
1047,2025-03-18 00:00:00,2025,spring,bat.galim,out,6,complex.rock,promenade.complex,A,2.6,shallow,15,Sarah.Ohayon,Yuval.sonego,17.5,R,1,3,C,1,terf,,,,,2
1047,2025-03-18 00:00:00,2025,spring,bat.galim,out,6,complex.rock,promenade.complex,A,2.6,shallow,15,Sarah.Ohayon,Yuval.sonego,20,R,1,3,,,terf,,,,,3
1047,2025-03-18 00:00:00,2025,spring,bat.galim,out,6,complex.rock,promenade.complex,A,2.6,shallow,15,Sarah.Ohayon,Yuval.sonego,22.5,R,1,3,,,terf,,,,,1
1048,2025-03-18 00:00:00,2025,spring,bat.galim,out,6,complex.rock,promenade.complex,B,3.2,shallow,15,Sarah.Ohayon,Yuval.sonego,2.5,R,1,3,,,terf,,,,,2
1048,2025-03-18 00:00:00,2025,spring,bat.galim,out,6,complex.rock,promenade.complex,B,3.2,shallow,15,Sarah.Ohayon,Yuval.sonego,5,R,1,2,,,terf,,,,,1
1048,2025-03-18 00:00:00,2025,spring,bat.galim,out,6,complex.rock,promenade.complex,B,3.2,shallow,15,Sarah.Ohayon,Yuval.sonego,7.5,R,1,3,,,terf,,,,,2
1048,2025-03-18 00:00:00,2025,spring,bat.galim,out,6,complex.rock,promenade.complex,B,3.2,shallow,15,Sarah.Ohayon,Yuval.sonego,10,R,1,3,,,terf,,,,,2
1048,2025-03-18 00:00:00,2025,spring,bat.galim,out,6,complex.rock,promenade.complex,B,3.2,shallow,15,Sarah.Ohayon,Yuval.sonego,12.5,R,1,4,W,1,terf,,,,,3
1048,2025-03-18 00:00:00,2025,spring,bat.galim,out,6,complex.rock,promenade.complex,B,3.2,shallow,15,Sarah.Ohayon,Yuval.sonego,15,R,1,3,C,1,terf,,,,,2
1048,2025-03-18 00:00:00,2025,spring,bat.galim,out,6,complex.rock,promenade.complex,B,3.2,shallow,15,Sarah.Ohayon,Yuval.sonego,17.5,R,1,3,W,1,terf,,,,,2
1048,2025-03-18 00:00:00,2025,spring,bat.galim,out,6,complex.rock,promenade.complex,B,3.2,shallow,15,Sarah.Ohayon,Yuval.sonego,20,R,1,3,,,terf,,,,,1
1048,2025-03-18 00:00:00,2025,spring,bat.galim,out,6,complex.rock,promenade.complex,B,3.2,shallow,15,Sarah.Ohayon,Yuval.sonego,22.5,R,1,3,,,terf,,,,,1
1049,2025-03-18 00:00:00,2025,spring,bat.galim,out,6,complex.rock,promenade.complex,C,3.2,shallow,15,Sarah.Ohayon,Yuval.sonego,2.5,R,1,3,,,terf,,,,,1
1049,2025-03-18 00:00:00,2025,spring,bat.galim,out,6,complex.rock,promenade.complex,C,3.2,shallow,15,Sarah.Ohayon,Yuval.sonego,5,R,1,3,,,terf,,,,,2
1049,2025-03-18 00:00:00,2025,spring,bat.galim,out,6,complex.rock,promenade.complex,C,3.2,shallow,15,Sarah.Ohayon,Yuval.sonego,7.5,R,1,2,,,terf,,,,,2
1049,2025-03-18 00:00:00,2025,spring,bat.galim,out,6,complex.rock,promenade.complex,C,3.2,shallow,15,Sarah.Ohayon,Yuval.sonego,10,R,1,3,,,terf,,,,,3
1049,2025-03-18 00:00:00,2025,spring,bat.galim,out,6,complex.rock,promenade.complex,C,3.2,shallow,15,Sarah.Ohayon,Yuval.sonego,12.5,R,1,3,,,terf,,,,,2
1049,2025-03-18 00:00:00,2025,spring,bat.galim,out,6,complex.rock,promenade.complex,C,3.2,shallow,15,Sarah.Ohayon,Yuval.sonego,15,R,1,3,W,1,terf,,,,,2
1049,2025-03-18 00:00:00,2025,spring,bat.galim,out,6,complex.rock,promenade.complex,C,3.2,shallow,15,Sarah.Ohayon,Yuval.sonego,17.5,R,1,3,W,1,terf,,,,,3
1049,2025-03-18 00:00:00,2025,spring,bat.galim,out,6,complex.rock,promenade.complex,C,3.2,shallow,15,Sarah.Ohayon,Yuval.sonego,20,R,1,3,,,terf,,,,,2
1049,2025-03-18 00:00:00,2025,spring,bat.galim,out,6,complex.rock,promenade.complex,C,3.2,shallow,15,Sarah.Ohayon,Yuval.sonego,22.5,R,1,3,,,terf,,,,,1
1050,2025-04-22 00:00:00,2025,spring,bat.galim,out,1,macroalgal.beds,iolr.macroalgae.diverse,A,3,shallow,20,Sarah.Ohayon,Iris.Preiss,2.5,R,1,1,,,gongolaria.rayssiae,32,10,,,
1050,2025-04-22 00:00:00,2025,spring,bat.galim,out,1,macroalgal.beds,iolr.macroalgae.diverse,A,3,shallow,20,Sarah.Ohayon,Iris.Preiss,5,R,1,1,,,gongolaria.rayssiae,25,10,,,
1050,2025-04-22 00:00:00,2025,spring,bat.galim,out,1,macroalgal.beds,iolr.macroalgae.diverse,A,3,shallow,20,Sarah.Ohayon,Iris.Preiss,7.5,R,1,1,,,gongolaria.rayssiae,21,4,,,
1050,2025-04-22 00:00:00,2025,spring,bat.galim,out,1,macroalgal.beds,iolr.macroalgae.diverse,A,3,shallow,20,Sarah.Ohayon,Iris.Preiss,10,R,1,1,,,gongolaria.rayssiae,26,4,,,
1050,2025-04-22 00:00:00,2025,spring,bat.galim,out,1,macroalgal.beds,iolr.macroalgae.diverse,A,3,shallow,20,Sarah.Ohayon,Iris.Preiss,12.5,R,1,1,,,gongolaria.rayssiae,20,7,,,
1050,2025-04-22 00:00:00,2025,spring,bat.galim,out,1,macroalgal.beds,iolr.macroalgae.diverse,A,3,shallow,20,Sarah.Ohayon,Iris.Preiss,15,R,1,1,,,gongolaria.rayssiae,28,3,,,
1050,2025-04-22 00:00:00,2025,spring,bat.galim,out,1,macroalgal.beds,iolr.macroalgae.diverse,A,3,shallow,20,Sarah.Ohayon,Iris.Preiss,17.5,R,1,1,,,gongolaria.rayssiae,16,3,,,
1050,2025-04-22 00:00:00,2025,spring,bat.galim,out,1,macroalgal.beds,iolr.macroalgae.diverse,A,3,shallow,20,Sarah.Ohayon,Iris.Preiss,20,R,1,1,,,gongolaria.rayssiae,22,5,,,
1050,2025-04-22 00:00:00,2025,spring,bat.galim,out,1,macroalgal.beds,iolr.macroalgae.diverse,A,3,shallow,20,Sarah.Ohayon,Iris.Preiss,22.5,R,1,1,,,gongolaria.rayssiae,38,7,,,
1051,2025-05-11 00:00:00,2025,spring,bat.galim,out,1,macroalgal.beds,iolr.macroalgae.diverse,A,2.5,shallow,18,Sarah.Ohayon,Iris.Preiss,2.5,R,1,1,,,gongolaria.rayssiae,18,3,,,
1051,2025-05-11 00:00:00,2025,spring,bat.galim,out,1,macroalgal.beds,iolr.macroalgae.diverse,A,2.5,shallow,18,Sarah.Ohayon,Iris.Preiss,5,R,1,1,,,gongolaria.rayssiae,20,3,,,
1051,2025-05-11 00:00:00,2025,spring,bat.galim,out,1,macroalgal.beds,iolr.macroalgae.diverse,A,2.5,shallow,18,Sarah.Ohayon,Iris.Preiss,7.5,R,1,2,,,gongolaria.rayssiae,21,2,21,3,
1051,2025-05-11 00:00:00,2025,spring,bat.galim,out,1,macroalgal.beds,iolr.macroalgae.diverse,A,2.5,shallow,18,Sarah.Ohayon,Iris.Preiss,10,R,1,2,,,gongolaria.rayssiae,14,2,25,4,
1051,2025-05-11 00:00:00,2025,spring,bat.galim,out,1,macroalgal.beds,iolr.macroalgae.diverse,A,2.5,shallow,18,Sarah.Ohayon,Iris.Preiss,12.5,R,1,1,,,gongolaria.rayssiae,21,1,,,
1051,2025-05-11 00:00:00,2025,spring,bat.galim,out,1,macroalgal.beds,iolr.macroalgae.diverse,A,2.5,shallow,18,Sarah.Ohayon,Iris.Preiss,15,R,1,1,,,gongolaria.rayssiae,24,2,,,
1051,2025-05-11 00:00:00,2025,spring,bat.galim,out,1,macroalgal.beds,iolr.macroalgae.diverse,A,2.5,shallow,18,Sarah.Ohayon,Iris.Preiss,17.5,R,1,1,,,gongolaria.rayssiae,28,8,,,
1051,2025-05-11 00:00:00,2025,spring,bat.galim,out,1,macroalgal.beds,iolr.macroalgae.diverse,A,2.5,shallow,18,Sarah.Ohayon,Iris.Preiss,20,R,1,1,,,gongolaria.rayssiae,23,6,,,
1051,2025-05-11 00:00:00,2025,spring,bat.galim,out,1,macroalgal.beds,iolr.macroalgae.diverse,A,2.5,shallow,18,Sarah.Ohayon,Iris.Preiss,22.5,R,1,1,,,gongolaria.rayssiae,21,11,,,
1051,2025-05-11 00:00:00,2025,spring,bat.galim,out,1,macroalgal.beds,iolr.macroalgae.diverse,A,2.5,shallow,18,Sarah.Ohayon,Iris.Preiss,25,R,1,1,,,gongolaria.rayssiae,23,7,,,
1052,2025-05-11 00:00:00,2025,spring,bat.galim,out,1,macroalgal.beds,iolr.macroalgae.diverse,B,2.5,shallow,18,Sarah.Ohayon,Iris.Preiss,2.5,R,1,1,,,gongolaria.rayssiae,29,12,,,
1052,2025-05-11 00:00:00,2025,spring,bat.galim,out,1,macroalgal.beds,iolr.macroalgae.diverse,B,2.5,shallow,18,Sarah.Ohayon,Iris.Preiss,5,R,1,1,,,gongolaria.rayssiae,24,3,,,
1052,2025-05-11 00:00:00,2025,spring,bat.galim,out,1,macroalgal.beds,iolr.macroalgae.diverse,B,2.5,shallow,18,Sarah.Ohayon,Iris.Preiss,7.5,R,1,1,,,gongolaria.rayssiae,25,4,,,
1052,2025-05-11 00:00:00,2025,spring,bat.galim,out,1,macroalgal.beds,iolr.macroalgae.diverse,B,2.5,shallow,18,Sarah.Ohayon,Iris.Preiss,10,R,1,1,,,gongolaria.rayssiae,21,3,,,
1052,2025-05-11 00:00:00,2025,spring,bat.galim,out,1,macroalgal.beds,iolr.macroalgae.diverse,B,2.5,shallow,18,Sarah.Ohayon,Iris.Preiss,12.5,R,1,1,,,gongolaria.rayssiae,21,4,,,
1052,2025-05-11 00:00:00,2025,spring,bat.galim,out,1,macroalgal.beds,iolr.macroalgae.diverse,B,2.5,shallow,18,Sarah.Ohayon,Iris.Preiss,15,R,1,1,,,gongolaria.rayssiae,22,1,,,
1052,2025-05-11 00:00:00,2025,spring,bat.galim,out,1,macroalgal.beds,iolr.macroalgae.diverse,B,2.5,shallow,18,Sarah.Ohayon,Iris.Preiss,17.5,R,1,1,,,gongolaria.rayssiae,22,6,,,
1052,2025-05-11 00:00:00,2025,spring,bat.galim,out,1,macroalgal.beds,iolr.macroalgae.diverse,B,2.5,shallow,18,Sarah.Ohayon,Iris.Preiss,20,R,1,1,,,gongolaria.rayssiae,22,5,,,
1052,2025-05-11 00:00:00,2025,spring,bat.galim,out,1,macroalgal.beds,iolr.macroalgae.diverse,B,2.5,shallow,18,Sarah.Ohayon,Iris.Preiss,22.5,R,1,1,,,gongolaria.rayssiae,27,5,,,
1052,2025-05-11 00:00:00,2025,spring,bat.galim,out,1,macroalgal.beds,iolr.macroalgae.diverse,B,2.5,shallow,18,Sarah.Ohayon,Iris.Preiss,25,R,1,1,,,gongolaria.rayssiae,27,6,,,
1053,2025-05-07 00:00:00,2025,spring,bat.galim,out,7,macroalgal.beds,iolr.sargassum.forest,A,3.6,shallow,22,Shai.Zilberman,Yuval.sonego,2.5,R,1,1,,,sargassum.vulgare,18,2,17.5,13,
1053,2025-05-07 00:00:00,2025,spring,bat.galim,out,7,macroalgal.beds,iolr.sargassum.forest,A,3.6,shallow,22,Shai.Zilberman,Yuval.sonego,5,R,1,1,,,sargassum.vulgare,16,3,19.5,10,
1053,2025-05-07 00:00:00,2025,spring,bat.galim,out,7,macroalgal.beds,iolr.sargassum.forest,A,3.6,shallow,22,Shai.Zilberman,Yuval.sonego,7.5,R,1,1,,,sargassum.vulgare,,,28,12,
1053,2025-05-07 00:00:00,2025,spring,bat.galim,out,7,macroalgal.beds,iolr.sargassum.forest,A,3.6,shallow,22,Shai.Zilberman,Yuval.sonego,10,R,1,1,,,sargassum.vulgare,12.5,2,16,16,
1053,2025-05-07 00:00:00,2025,spring,bat.galim,out,7,macroalgal.beds,iolr.sargassum.forest,A,3.6,shallow,22,Shai.Zilberman,Yuval.sonego,12.5,R,1,1,,,sargassum.vulgare,,,21,19,
1053,2025-05-07 00:00:00,2025,spring,bat.galim,out,7,macroalgal.beds,iolr.sargassum.forest,A,3.6,shallow,22,Shai.Zilberman,Yuval.sonego,15,R,1,1,,,sargassum.vulgare,13,2,29.5,16,
1053,2025-05-07 00:00:00,2025,spring,bat.galim,out,7,macroalgal.beds,iolr.sargassum.forest,A,3.6,shallow,22,Shai.Zilberman,Yuval.sonego,17.5,R,1,1,,,sargassum.vulgare,15.2,2,22,18,
1053,2025-05-07 00:00:00,2025,spring,bat.galim,out,7,macroalgal.beds,iolr.sargassum.forest,A,3.6,shallow,22,Shai.Zilberman,Yuval.sonego,20,R,1,1,,,sargassum.vulgare,3,1,21,19,
1053,2025-05-07 00:00:00,2025,spring,bat.galim,out,7,macroalgal.beds,iolr.sargassum.forest,A,3.6,shallow,22,Shai.Zilberman,Yuval.sonego,22.5,R,1,1,,,sargassum.vulgare,,,33,13,
1054,2025-05-07 00:00:00,2025,spring,bat.galim,out,7,macroalgal.beds,iolr.sargassum.forest,B,3.8,shallow,22,Shai.Zilberman,Yuval.sonego,2.5,R,1,1,,,sargassum.vulgare,18,2,24.5,13,
1054,2025-05-07 00:00:00,2025,spring,bat.galim,out,7,macroalgal.beds,iolr.sargassum.forest,B,3.8,shallow,22,Shai.Zilberman,Yuval.sonego,5,R,1,1,,,sargassum.vulgare,13.5,2,22.5,12,
1054,2025-05-07 00:00:00,2025,spring,bat.galim,out,7,macroalgal.beds,iolr.sargassum.forest,B,3.8,shallow,22,Shai.Zilberman,Yuval.sonego,7.5,R,1,1,,,sargassum.vulgare,13,1,16,7,
1054,2025-05-07 00:00:00,2025,spring,bat.galim,out,7,macroalgal.beds,iolr.sargassum.forest,B,3.8,shallow,22,Shai.Zilberman,Yuval.sonego,10,R,1,1,,,sargassum.vulgare,14,1,18,13,
1054,2025-05-07 00:00:00,2025,spring,bat.galim,out,7,macroalgal.beds,iolr.sargassum.forest,B,3.8,shallow,22,Shai.Zilberman,Yuval.sonego,12.5,R,1,1,,,sargassum.vulgare,11.6,4,5,5,
1054,2025-05-07 00:00:00,2025,spring,bat.galim,out,7,macroalgal.beds,iolr.sargassum.forest,B,3.8,shallow,22,Shai.Zilberman,Yuval.sonego,15,R,1,1,,,sargassum.vulgare,5,3,27.5,13,
1054,2025-05-07 00:00:00,2025,spring,bat.galim,out,7,macroalgal.beds,iolr.sargassum.forest,B,3.8,shallow,22,Shai.Zilberman,Yuval.sonego,17.5,R,1,1,,,sargassum.vulgare,10.5,6,22,10,
1054,2025-05-07 00:00:00,2025,spring,bat.galim,out,7,macroalgal.beds,iolr.sargassum.forest,B,3.8,shallow,22,Shai.Zilberman,Yuval.sonego,20,R,1,1,,,sargassum.vulgare,13,10,20.5,8,
1054,2025-05-07 00:00:00,2025,spring,bat.galim,out,7,macroalgal.beds,iolr.sargassum.forest,B,3.8,shallow,22,Shai.Zilberman,Yuval.sonego,22.5,R,1,1,,,sargassum.vulgare,15.5,7,19.5,8,
1055,2025-05-07 00:00:00,2025,spring,bat.galim,out,7,macroalgal.beds,iolr.sargassum.forest,C,3.8,shallow,22,Shai.Zilberman,Yuval.sonego,2.5,R,1,1,,,sargassum.vulgare,,,24,15,
1055,2025-05-07 00:00:00,2025,spring,bat.galim,out,7,macroalgal.beds,iolr.sargassum.forest,C,3.8,shallow,22,Shai.Zilberman,Yuval.sonego,5,R,1,1,,,sargassum.vulgare,11,1,18,10,
1055,2025-05-07 00:00:00,2025,spring,bat.galim,out,7,macroalgal.beds,iolr.sargassum.forest,C,3.8,shallow,22,Shai.Zilberman,Yuval.sonego,7.5,R,1,1,,,sargassum.vulgare,,,15,11,
1055,2025-05-07 00:00:00,2025,spring,bat.galim,out,7,macroalgal.beds,iolr.sargassum.forest,C,3.8,shallow,22,Shai.Zilberman,Yuval.sonego,10,R,1,1,,,sargassum.vulgare,15,1,10,5,
1055,2025-05-07 00:00:00,2025,spring,bat.galim,out,7,macroalgal.beds,iolr.sargassum.forest,C,3.8,shallow,22,Shai.Zilberman,Yuval.sonego,12.5,R,1,1,,,sargassum.vulgare,9,3,12,7,
1055,2025-05-07 00:00:00,2025,spring,bat.galim,out,7,macroalgal.beds,iolr.sargassum.forest,C,3.8,shallow,22,Shai.Zilberman,Yuval.sonego,15,R,1,1,,,sargassum.vulgare,5,1,11,14,
1055,2025-05-07 00:00:00,2025,spring,bat.galim,out,7,macroalgal.beds,iolr.sargassum.forest,C,3.8,shallow,22,Shai.Zilberman,Yuval.sonego,17.5,R,1,1,,,sargassum.vulgare,13,2,16,9,
1055,2025-05-07 00:00:00,2025,spring,bat.galim,out,7,macroalgal.beds,iolr.sargassum.forest,C,3.8,shallow,22,Shai.Zilberman,Yuval.sonego,20,R,1,1,,,sargassum.vulgare,16.5,2,24,11,
1055,2025-05-07 00:00:00,2025,spring,bat.galim,out,7,macroalgal.beds,iolr.sargassum.forest,C,3.8,shallow,22,Shai.Zilberman,Yuval.sonego,22.5,R,1,1,,,sargassum.vulgare,13,4,28,10,
1056,2025-05-07 00:00:00,2025,spring,bat.galim,out,8,complex.rock,iolr.complex.reef,A,4.4,shallow,22,Sarah.Ohayon,Guy.Raanan,2.5,R,1,3,,,terf,,,,,1
1056,2025-05-07 00:00:00,2025,spring,bat.galim,out,8,complex.rock,iolr.complex.reef,A,4.4,shallow,22,Sarah.Ohayon,Guy.Raanan,5,R,1,3,,,terf,,,,,1
1056,2025-05-07 00:00:00,2025,spring,bat.galim,out,8,complex.rock,iolr.complex.reef,A,4.4,shallow,22,Sarah.Ohayon,Guy.Raanan,7.5,R,1,3,,,terf,,,,,3
1056,2025-05-07 00:00:00,2025,spring,bat.galim,out,8,complex.rock,iolr.complex.reef,A,4.4,shallow,22,Sarah.Ohayon,Guy.Raanan,10,R,1,3,G,1,terf,,,,,7
1056,2025-05-07 00:00:00,2025,spring,bat.galim,out,8,complex.rock,iolr.complex.reef,A,4.4,shallow,22,Sarah.Ohayon,Guy.Raanan,12.5,R,1,3,,,terf,,,,,2
1056,2025-05-07 00:00:00,2025,spring,bat.galim,out,8,complex.rock,iolr.complex.reef,A,4.4,shallow,22,Sarah.Ohayon,Guy.Raanan,15,R,1,3,W,1,terf,,,,,1
1056,2025-05-07 00:00:00,2025,spring,bat.galim,out,8,complex.rock,iolr.complex.reef,A,4.4,shallow,22,Sarah.Ohayon,Guy.Raanan,17.5,R,1,4,,,terf,,,,,1
1056,2025-05-07 00:00:00,2025,spring,bat.galim,out,8,complex.rock,iolr.complex.reef,A,4.4,shallow,22,Sarah.Ohayon,Guy.Raanan,20,R,1,4,,,terf,,,,,1
1056,2025-05-07 00:00:00,2025,spring,bat.galim,out,8,complex.rock,iolr.complex.reef,A,4.4,shallow,22,Sarah.Ohayon,Guy.Raanan,22.5,R,1,3,,,terf,,,,,3
1057,2025-05-07 00:00:00,2025,spring,bat.galim,out,8,complex.rock,iolr.complex.reef,B,4.4,shallow,22,Sarah.Ohayon,Guy.Raanan,2.5,R,1,3,,,terf,,,,,2
1057,2025-05-07 00:00:00,2025,spring,bat.galim,out,8,complex.rock,iolr.complex.reef,B,4.4,shallow,22,Sarah.Ohayon,Guy.Raanan,5,R,1,3,"C,W",2,terf,,,,,4
1057,2025-05-07 00:00:00,2025,spring,bat.galim,out,8,complex.rock,iolr.complex.reef,B,4.4,shallow,22,Sarah.Ohayon,Guy.Raanan,7.5,R,1,4,"C,W",2,terf,,,,,3
1057,2025-05-07 00:00:00,2025,spring,bat.galim,out,8,complex.rock,iolr.complex.reef,B,4.4,shallow,22,Sarah.Ohayon,Guy.Raanan,10,R,1,4,"C,W",2,terf,,,,,6
1057,2025-05-07 00:00:00,2025,spring,bat.galim,out,8,complex.rock,iolr.complex.reef,B,4.4,shallow,22,Sarah.Ohayon,Guy.Raanan,12.5,R,1,4,,,terf,,,,,2
1057,2025-05-07 00:00:00,2025,spring,bat.galim,out,8,complex.rock,iolr.complex.reef,B,4.4,shallow,22,Sarah.Ohayon,Guy.Raanan,15,R,1,4,,,terf,,,,,3
1057,2025-05-07 00:00:00,2025,spring,bat.galim,out,8,complex.rock,iolr.complex.reef,B,4.4,shallow,22,Sarah.Ohayon,Guy.Raanan,17.5,R,1,3,,,terf,,,,,4
1057,2025-05-07 00:00:00,2025,spring,bat.galim,out,8,complex.rock,iolr.complex.reef,B,4.4,shallow,22,Sarah.Ohayon,Guy.Raanan,20,R,1,4,,,terf,,,,,3
1057,2025-05-07 00:00:00,2025,spring,bat.galim,out,8,complex.rock,iolr.complex.reef,B,4.4,shallow,22,Sarah.Ohayon,Guy.Raanan,22.5,R,1,4,,,terf,,,,,3
1058,2025-05-07 00:00:00,2025,spring,bat.galim,out,8,complex.rock,iolr.complex.reef,C,4.4,shallow,22,Sarah.Ohayon,Guy.Raanan,2.5,R,1,3,,,terf,,,,,1
1058,2025-05-07 00:00:00,2025,spring,bat.galim,out,8,complex.rock,iolr.complex.reef,C,4.4,shallow,22,Sarah.Ohayon,Guy.Raanan,5,R,1,3,,,terf,,,,,1
1058,2025-05-07 00:00:00,2025,spring,bat.galim,out,8,complex.rock,iolr.complex.reef,C,4.4,shallow,22,Sarah.Ohayon,Guy.Raanan,7.5,R,1,3,,,terf,,,,,3
1058,2025-05-07 00:00:00,2025,spring,bat.galim,out,8,complex.rock,iolr.complex.reef,C,4.4,shallow,22,Sarah.Ohayon,Guy.Raanan,10,R,1,3,,,terf,,,,,3
1058,2025-05-07 00:00:00,2025,spring,bat.galim,out,8,complex.rock,iolr.complex.reef,C,4.4,shallow,22,Sarah.Ohayon,Guy.Raanan,12.5,R,1,3,O,1,terf,,,,,1
1058,2025-05-07 00:00:00,2025,spring,bat.galim,out,8,complex.rock,iolr.complex.reef,C,4.4,shallow,22,Sarah.Ohayon,Guy.Raanan,15,R,1,3,O,1,terf,,,,,2
1058,2025-05-07 00:00:00,2025,spring,bat.galim,out,8,complex.rock,iolr.complex.reef,C,4.4,shallow,22,Sarah.Ohayon,Guy.Raanan,17.5,R,1,3,,,terf,,,,,5
1058,2025-05-07 00:00:00,2025,spring,bat.galim,out,8,complex.rock,iolr.complex.reef,C,4.4,shallow,22,Sarah.Ohayon,Guy.Raanan,20,R,1,3,,,terf,,,,,2
1058,2025-05-07 00:00:00,2025,spring,bat.galim,out,8,complex.rock,iolr.complex.reef,C,4.4,shallow,22,Sarah.Ohayon,Guy.Raanan,22.5,R,1,3,,,terf,,,,,2
1059,2025-05-07 00:00:00,2025,spring,bat.galim,out,9,complex.rock,surfers.bay.complex,A,5.6,shallow,15,Sarah.Ohayon,Guy.Raanan,2.5,R,1,2,,,terf,,,,,2
1059,2025-05-07 00:00:00,2025,spring,bat.galim,out,9,complex.rock,surfers.bay.complex,A,5.6,shallow,15,Sarah.Ohayon,Guy.Raanan,5,R,1,3,,,terf,,,,,3
1059,2025-05-07 00:00:00,2025,spring,bat.galim,out,9,complex.rock,surfers.bay.complex,A,5.6,shallow,15,Sarah.Ohayon,Guy.Raanan,7.5,R,1,3,,,terf,,,,,3
1059,2025-05-07 00:00:00,2025,spring,bat.galim,out,9,complex.rock,surfers.bay.complex,A,5.6,shallow,15,Sarah.Ohayon,Guy.Raanan,10,S,0,3,,,terf,,,,,4
1059,2025-05-07 00:00:00,2025,spring,bat.galim,out,9,complex.rock,surfers.bay.complex,A,5.6,shallow,15,Sarah.Ohayon,Guy.Raanan,12.5,R,1,3,,,terf,,,,,4
1059,2025-05-07 00:00:00,2025,spring,bat.galim,out,9,complex.rock,surfers.bay.complex,A,5.6,shallow,15,Sarah.Ohayon,Guy.Raanan,15,R,1,3,,,terf,,,,,3
1059,2025-05-07 00:00:00,2025,spring,bat.galim,out,9,complex.rock,surfers.bay.complex,A,5.6,shallow,15,Sarah.Ohayon,Guy.Raanan,17.5,R,1,4,,,terf,,,,,3
1059,2025-05-07 00:00:00,2025,spring,bat.galim,out,9,complex.rock,surfers.bay.complex,A,5.6,shallow,15,Sarah.Ohayon,Guy.Raanan,20,R,1,3,,,terf,,,,,2
1059,2025-05-07 00:00:00,2025,spring,bat.galim,out,9,complex.rock,surfers.bay.complex,A,5.6,shallow,15,Sarah.Ohayon,Guy.Raanan,22.5,R,1,3,,,terf,,,,,3
1060,2025-05-07 00:00:00,2025,spring,bat.galim,out,9,complex.rock,surfers.bay.complex,B,5.8,shallow,15,Sarah.Ohayon,Guy.Raanan,2.5,R,1,3,,,terf,,,,,2
1060,2025-05-07 00:00:00,2025,spring,bat.galim,out,9,complex.rock,surfers.bay.complex,B,5.8,shallow,15,Sarah.Ohayon,Guy.Raanan,5,R,1,3,,,terf,,,,,3
1060,2025-05-07 00:00:00,2025,spring,bat.galim,out,9,complex.rock,surfers.bay.complex,B,5.8,shallow,15,Sarah.Ohayon,Guy.Raanan,7.5,R,1,3,,,terf,,,,,2
1060,2025-05-07 00:00:00,2025,spring,bat.galim,out,9,complex.rock,surfers.bay.complex,B,5.8,shallow,15,Sarah.Ohayon,Guy.Raanan,10,"R,S",0.5,2,,,terf,,,,,3
1060,2025-05-07 00:00:00,2025,spring,bat.galim,out,9,complex.rock,surfers.bay.complex,B,5.8,shallow,15,Sarah.Ohayon,Guy.Raanan,12.5,"R,S",0.5,2,,,terf,,,,,4
1060,2025-05-07 00:00:00,2025,spring,bat.galim,out,9,complex.rock,surfers.bay.complex,B,5.8,shallow,15,Sarah.Ohayon,Guy.Raanan,15,R,1,3,,,terf,,,,,3
1060,2025-05-07 00:00:00,2025,spring,bat.galim,out,9,complex.rock,surfers.bay.complex,B,5.8,shallow,15,Sarah.Ohayon,Guy.Raanan,17.5,R,1,3,,,terf,,,,,2
1060,2025-05-07 00:00:00,2025,spring,bat.galim,out,9,complex.rock,surfers.bay.complex,B,5.8,shallow,15,Sarah.Ohayon,Guy.Raanan,20,R,1,3,,,terf,,,,,3
1060,2025-05-07 00:00:00,2025,spring,bat.galim,out,9,complex.rock,surfers.bay.complex,B,5.8,shallow,15,Sarah.Ohayon,Guy.Raanan,22.5,R,1,3,,,terf,,,,,1
1061,2025-05-07 00:00:00,2025,spring,bat.galim,out,9,complex.rock,surfers.bay.complex,C,5.6,shallow,15,Sarah.Ohayon,Guy.Raanan,2.5,R,1,2,,,terf,,,,,2
1061,2025-05-07 00:00:00,2025,spring,bat.galim,out,9,complex.rock,surfers.bay.complex,C,5.6,shallow,15,Sarah.Ohayon,Guy.Raanan,5,R,1,3,,,terf,,,,,2
1061,2025-05-07 00:00:00,2025,spring,bat.galim,out,9,complex.rock,surfers.bay.complex,C,5.6,shallow,15,Sarah.Ohayon,Guy.Raanan,7.5,R,1,3,,,terf,,,,,1
1061,2025-05-07 00:00:00,2025,spring,bat.galim,out,9,complex.rock,surfers.bay.complex,C,5.6,shallow,15,Sarah.Ohayon,Guy.Raanan,10,R,1,3,,,terf,,,,,2
1061,2025-05-07 00:00:00,2025,spring,bat.galim,out,9,complex.rock,surfers.bay.complex,C,5.6,shallow,15,Sarah.Ohayon,Guy.Raanan,12.5,R,1,4,,,terf,,,,,3
1061,2025-05-07 00:00:00,2025,spring,bat.galim,out,9,complex.rock,surfers.bay.complex,C,5.6,shallow,15,Sarah.Ohayon,Guy.Raanan,15,S,0,4,,,terf,,,,,3
1061,2025-05-07 00:00:00,2025,spring,bat.galim,out,9,complex.rock,surfers.bay.complex,C,5.6,shallow,15,Sarah.Ohayon,Guy.Raanan,17.5,S,0,3,,,terf,,,,,2
1061,2025-05-07 00:00:00,2025,spring,bat.galim,out,9,complex.rock,surfers.bay.complex,C,5.6,shallow,15,Sarah.Ohayon,Guy.Raanan,20,R,1,3,,,terf,,,,,4
1061,2025-05-07 00:00:00,2025,spring,bat.galim,out,9,complex.rock,surfers.bay.complex,C,5.6,shallow,15,Sarah.Ohayon,Guy.Raanan,22.5,R,1,3,,,terf,,,,,3
1063,2025-05-07 00:00:00,2025,spring,bat.galim,out,4,macroalgal.beds,surfers.bay.macroalgae,A,1.6,shallow,15,Shai.Zilberman,Yuval.sonego,2.5,R,1,1,,,sargassum.vulgare,18,2,17.5,13,
1063,2025-05-07 00:00:00,2025,spring,bat.galim,out,4,macroalgal.beds,surfers.bay.macroalgae,A,1.6,shallow,15,Shai.Zilberman,Yuval.sonego,5,R,1,1,,,sargassum.vulgare,16,3,19.5,10,
1063,2025-05-07 00:00:00,2025,spring,bat.galim,out,4,macroalgal.beds,surfers.bay.macroalgae,A,1.6,shallow,15,Shai.Zilberman,Yuval.sonego,7.5,R,1,1,,,sargassum.vulgare,,,28,12,
1063,2025-05-07 00:00:00,2025,spring,bat.galim,out,4,macroalgal.beds,surfers.bay.macroalgae,A,1.6,shallow,15,Shai.Zilberman,Yuval.sonego,10,R,1,1,,,sargassum.vulgare,12.5,2,16,16,
1063,2025-05-07 00:00:00,2025,spring,bat.galim,out,4,macroalgal.beds,surfers.bay.macroalgae,A,1.6,shallow,15,Shai.Zilberman,Yuval.sonego,12.5,R,1,1,,,sargassum.vulgare,,,21,19,
1063,2025-05-07 00:00:00,2025,spring,bat.galim,out,4,macroalgal.beds,surfers.bay.macroalgae,A,1.6,shallow,15,Shai.Zilberman,Yuval.sonego,15,R,1,1,,,sargassum.vulgare,13,2,29.5,16,
1063,2025-05-07 00:00:00,2025,spring,bat.galim,out,4,macroalgal.beds,surfers.bay.macroalgae,A,1.6,shallow,15,Shai.Zilberman,Yuval.sonego,17.5,R,1,1,,,sargassum.vulgare,15.2,2,22,18,
1063,2025-05-07 00:00:00,2025,spring,bat.galim,out,4,macroalgal.beds,surfers.bay.macroalgae,A,1.6,shallow,15,Shai.Zilberman,Yuval.sonego,20,R,1,1,,,sargassum.vulgare,8,2,21,19,
1063,2025-05-07 00:00:00,2025,spring,bat.galim,out,4,macroalgal.beds,surfers.bay.macroalgae,A,1.6,shallow,15,Shai.Zilberman,Yuval.sonego,22.5,R,1,1,,,sargassum.vulgare,,,33,13,
1064,2025-05-07 00:00:00,2025,spring,bat.galim,out,4,macroalgal.beds,surfers.bay.macroalgae,B,1.6,shallow,15,Shai.Zilberman,Yuval.sonego,2.5,R,1,1,,,sargassum.vulgare,18,2,24.5,13,
1064,2025-05-07 00:00:00,2025,spring,bat.galim,out,4,macroalgal.beds,surfers.bay.macroalgae,B,1.6,shallow,15,Shai.Zilberman,Yuval.sonego,5,R,1,1,,,sargassum.vulgare,13.5,2,22.5,12,
1064,2025-05-07 00:00:00,2025,spring,bat.galim,out,4,macroalgal.beds,surfers.bay.macroalgae,B,1.6,shallow,15,Shai.Zilberman,Yuval.sonego,7.5,R,1,1,,,sargassum.vulgare,13,1,16,7,
1064,2025-05-07 00:00:00,2025,spring,bat.galim,out,4,macroalgal.beds,surfers.bay.macroalgae,B,1.6,shallow,15,Shai.Zilberman,Yuval.sonego,10,R,1,1,,,sargassum.vulgare,14,1,18,13,
1064,2025-05-07 00:00:00,2025,spring,bat.galim,out,4,macroalgal.beds,surfers.bay.macroalgae,B,1.6,shallow,15,Shai.Zilberman,Yuval.sonego,12.5,R,1,1,,,sargassum.vulgare,11.6,4,5,5,
1064,2025-05-07 00:00:00,2025,spring,bat.galim,out,4,macroalgal.beds,surfers.bay.macroalgae,B,1.6,shallow,15,Shai.Zilberman,Yuval.sonego,15,R,1,1,,,sargassum.vulgare,5,3,27.5,13,
1064,2025-05-07 00:00:00,2025,spring,bat.galim,out,4,macroalgal.beds,surfers.bay.macroalgae,B,1.6,shallow,15,Shai.Zilberman,Yuval.sonego,17.5,R,1,1,,,sargassum.vulgare,10.5,6,22,10,
1064,2025-05-07 00:00:00,2025,spring,bat.galim,out,4,macroalgal.beds,surfers.bay.macroalgae,B,1.6,shallow,15,Shai.Zilberman,Yuval.sonego,20,R,1,1,,,sargassum.vulgare,13,10,20.5,8,
1064,2025-05-07 00:00:00,2025,spring,bat.galim,out,4,macroalgal.beds,surfers.bay.macroalgae,B,1.6,shallow,15,Shai.Zilberman,Yuval.sonego,22.5,R,1,1,,,sargassum.vulgare,15.5,7,19.5,8,
1065,2025-05-07 00:00:00,2025,spring,bat.galim,out,4,macroalgal.beds,surfers.bay.macroalgae,C,1.6,shallow,15,Shai.Zilberman,Yuval.sonego,2.5,R,1,1,,,sargassum.vulgare,,,24,15,
1065,2025-05-07 00:00:00,2025,spring,bat.galim,out,4,macroalgal.beds,surfers.bay.macroalgae,C,1.6,shallow,15,Shai.Zilberman,Yuval.sonego,5,R,1,1,,,sargassum.vulgare,11,1,18,10,
1065,2025-05-07 00:00:00,2025,spring,bat.galim,out,4,macroalgal.beds,surfers.bay.macroalgae,C,1.6,shallow,15,Shai.Zilberman,Yuval.sonego,7.5,R,1,1,,,sargassum.vulgare,,,15,11,
1065,2025-05-07 00:00:00,2025,spring,bat.galim,out,4,macroalgal.beds,surfers.bay.macroalgae,C,1.6,shallow,15,Shai.Zilberman,Yuval.sonego,10,R,1,1,,,sargassum.vulgare,15,1,10,5,
1065,2025-05-07 00:00:00,2025,spring,bat.galim,out,4,macroalgal.beds,surfers.bay.macroalgae,C,1.6,shallow,15,Shai.Zilberman,Yuval.sonego,12.5,R,1,1,,,sargassum.vulgare,9,3,12,7,
1065,2025-05-07 00:00:00,2025,spring,bat.galim,out,4,macroalgal.beds,surfers.bay.macroalgae,C,1.6,shallow,15,Shai.Zilberman,Yuval.sonego,15,R,1,1,,,sargassum.vulgare,5,1,11,14,
1065,2025-05-07 00:00:00,2025,spring,bat.galim,out,4,macroalgal.beds,surfers.bay.macroalgae,C,1.6,shallow,15,Shai.Zilberman,Yuval.sonego,17.5,R,1,1,,,sargassum.vulgare,13,2,16,9,
1065,2025-05-07 00:00:00,2025,spring,bat.galim,out,4,macroalgal.beds,surfers.bay.macroalgae,C,1.6,shallow,15,Shai.Zilberman,Yuval.sonego,20,R,1,1,,,sargassum.vulgare,16.5,2,24,11,
1065,2025-05-07 00:00:00,2025,spring,bat.galim,out,4,macroalgal.beds,surfers.bay.macroalgae,C,1.6,shallow,15,Shai.Zilberman,Yuval.sonego,22.5,R,1,1,,,sargassum.vulgare,13,4,28,10,
1066,2025-05-26 00:00:00,2025,spring,bat.galim,out,10,macroalgal.beds,island.sargassum,A,2.4,shallow,20,Sarah.Ohayon,Iris.Preiss,2.5,R,1,1,,,sargassum.vulgare,8,1,30,9,
1066,2025-05-26 00:00:00,2025,spring,bat.galim,out,10,macroalgal.beds,island.sargassum,A,2.4,shallow,20,Sarah.Ohayon,Iris.Preiss,5,R,1,1,,,sargassum.vulgare,,,26,9,
1066,2025-05-26 00:00:00,2025,spring,bat.galim,out,10,macroalgal.beds,island.sargassum,A,2.4,shallow,20,Sarah.Ohayon,Iris.Preiss,7.5,R,1,1,,,sargassum.vulgare,,,26,6,
1066,2025-05-26 00:00:00,2025,spring,bat.galim,out,10,macroalgal.beds,island.sargassum,A,2.4,shallow,20,Sarah.Ohayon,Iris.Preiss,10,R,1,1,,,sargassum.vulgare,,,23,14,
1066,2025-05-26 00:00:00,2025,spring,bat.galim,out,10,macroalgal.beds,island.sargassum,A,2.4,shallow,20,Sarah.Ohayon,Iris.Preiss,12.5,R,1,1,,,sargassum.vulgare,,,36,5,
1066,2025-05-26 00:00:00,2025,spring,bat.galim,out,10,macroalgal.beds,island.sargassum,A,2.4,shallow,20,Sarah.Ohayon,Iris.Preiss,15,R,1,1,,,sargassum.vulgare,12,1,29,11,
1066,2025-05-26 00:00:00,2025,spring,bat.galim,out,10,macroalgal.beds,island.sargassum,A,2.4,shallow,20,Sarah.Ohayon,Iris.Preiss,17.5,R,1,1,,,sargassum.vulgare,,,26,9,
1066,2025-05-26 00:00:00,2025,spring,bat.galim,out,10,macroalgal.beds,island.sargassum,A,2.4,shallow,20,Sarah.Ohayon,Iris.Preiss,20,R,1,1,,,sargassum.vulgare,,,33,10,
1066,2025-05-26 00:00:00,2025,spring,bat.galim,out,10,macroalgal.beds,island.sargassum,A,2.4,shallow,20,Sarah.Ohayon,Iris.Preiss,22.5,R,1,1,,,sargassum.vulgare,18,1,29,10,
1066,2025-05-26 00:00:00,2025,spring,bat.galim,out,10,macroalgal.beds,island.sargassum,A,2.4,shallow,20,Sarah.Ohayon,Iris.Preiss,25,R,1,1,,,sargassum.vulgare,8,3,24,12,
1067,2025-05-26 00:00:00,2025,spring,bat.galim,out,10,macroalgal.beds,island.sargassum,B,2.4,shallow,20,Sarah.Ohayon,Iris.Preiss,2.5,R,1,1,,,sargassum.vulgare,,,39,20,
1067,2025-05-26 00:00:00,2025,spring,bat.galim,out,10,macroalgal.beds,island.sargassum,B,2.4,shallow,20,Sarah.Ohayon,Iris.Preiss,5,R,1,1,,,sargassum.vulgare,21,1,28,10,
1067,2025-05-26 00:00:00,2025,spring,bat.galim,out,10,macroalgal.beds,island.sargassum,B,2.4,shallow,20,Sarah.Ohayon,Iris.Preiss,7.5,R,1,1,,,sargassum.vulgare,,,32,18,
1067,2025-05-26 00:00:00,2025,spring,bat.galim,out,10,macroalgal.beds,island.sargassum,B,2.4,shallow,20,Sarah.Ohayon,Iris.Preiss,10,R,1,1,,,sargassum.vulgare,,,20,13,
1067,2025-05-26 00:00:00,2025,spring,bat.galim,out,10,macroalgal.beds,island.sargassum,B,2.4,shallow,20,Sarah.Ohayon,Iris.Preiss,12.5,R,1,1,,,sargassum.vulgare,,,25,12,
1067,2025-05-26 00:00:00,2025,spring,bat.galim,out,10,macroalgal.beds,island.sargassum,B,2.4,shallow,20,Sarah.Ohayon,Iris.Preiss,15,R,1,1,,,sargassum.vulgare,18,1,36,12,
1067,2025-05-26 00:00:00,2025,spring,bat.galim,out,10,macroalgal.beds,island.sargassum,B,2.4,shallow,20,Sarah.Ohayon,Iris.Preiss,17.5,R,1,1,,,sargassum.vulgare,,,34,11,
1067,2025-05-26 00:00:00,2025,spring,bat.galim,out,10,macroalgal.beds,island.sargassum,B,2.4,shallow,20,Sarah.Ohayon,Iris.Preiss,20,R,1,1,,,sargassum.vulgare,,,28,8,
1067,2025-05-26 00:00:00,2025,spring,bat.galim,out,10,macroalgal.beds,island.sargassum,B,2.4,shallow,20,Sarah.Ohayon,Iris.Preiss,22.5,R,1,1,,,sargassum.vulgare,,,24,13,
1067,2025-05-26 00:00:00,2025,spring,bat.galim,out,10,macroalgal.beds,island.sargassum,B,2.4,shallow,20,Sarah.Ohayon,Iris.Preiss,25,R,1,1,,,sargassum.vulgare,,,26,14,
1068,2025-05-26 00:00:00,2025,spring,bat.galim,out,5,macroalgal.beds,promenade.macroalgae,A,1.6,shallow,15,Sarah.Ohayon,Iris.Preiss,2.5,R,1,1,,,gongolaria.rayssiae,23,7,,,
1068,2025-05-26 00:00:00,2025,spring,bat.galim,out,5,macroalgal.beds,promenade.macroalgae,A,1.6,shallow,15,Sarah.Ohayon,Iris.Preiss,5,R,1,2,,,gongolaria.rayssiae,28,10,,,
1068,2025-05-26 00:00:00,2025,spring,bat.galim,out,5,macroalgal.beds,promenade.macroalgae,A,1.6,shallow,15,Sarah.Ohayon,Iris.Preiss,7.5,R,1,1,,,gongolaria.rayssiae,23,8,,,
1068,2025-05-26 00:00:00,2025,spring,bat.galim,out,5,macroalgal.beds,promenade.macroalgae,A,1.6,shallow,15,Sarah.Ohayon,Iris.Preiss,10,R,1,1,,,gongolaria.rayssiae,24,4,,,
1068,2025-05-26 00:00:00,2025,spring,bat.galim,out,5,macroalgal.beds,promenade.macroalgae,A,1.6,shallow,15,Sarah.Ohayon,Iris.Preiss,12.5,R,1,1,,,gongolaria.rayssiae,24.5,9,,,
1068,2025-05-26 00:00:00,2025,spring,bat.galim,out,5,macroalgal.beds,promenade.macroalgae,A,1.6,shallow,15,Sarah.Ohayon,Iris.Preiss,15,R,1,1,,,gongolaria.rayssiae,21,7,,,
1068,2025-05-26 00:00:00,2025,spring,bat.galim,out,5,macroalgal.beds,promenade.macroalgae,A,1.6,shallow,15,Sarah.Ohayon,Iris.Preiss,17.5,R,1,1,,,gongolaria.rayssiae,22,13,,,
1068,2025-05-26 00:00:00,2025,spring,bat.galim,out,5,macroalgal.beds,promenade.macroalgae,A,1.6,shallow,15,Sarah.Ohayon,Iris.Preiss,20,R,1,1,,,gongolaria.rayssiae,22,15,,,
1068,2025-05-26 00:00:00,2025,spring,bat.galim,out,5,macroalgal.beds,promenade.macroalgae,A,1.6,shallow,15,Sarah.Ohayon,Iris.Preiss,22.5,R,1,1,,,gongolaria.rayssiae,21,16,,,
1068,2025-05-26 00:00:00,2025,spring,bat.galim,out,5,macroalgal.beds,promenade.macroalgae,A,1.6,shallow,15,Sarah.Ohayon,Iris.Preiss,25,R,1,1,,,gongolaria.rayssiae,21,14,,,
1069,2025-05-26 00:00:00,2025,spring,bat.galim,out,5,macroalgal.beds,promenade.macroalgae,B,1.6,shallow,15,Sarah.Ohayon,Iris.Preiss,2.5,R,1,1,,,gongolaria.rayssiae,23,13,,,
1069,2025-05-26 00:00:00,2025,spring,bat.galim,out,5,macroalgal.beds,promenade.macroalgae,B,1.6,shallow,15,Sarah.Ohayon,Iris.Preiss,5,R,1,1,,,gongolaria.rayssiae,20,12,,,
1069,2025-05-26 00:00:00,2025,spring,bat.galim,out,5,macroalgal.beds,promenade.macroalgae,B,1.6,shallow,15,Sarah.Ohayon,Iris.Preiss,7.5,R,1,1,,,gongolaria.rayssiae,18,15,,,
1069,2025-05-26 00:00:00,2025,spring,bat.galim,out,5,macroalgal.beds,promenade.macroalgae,B,1.6,shallow,15,Sarah.Ohayon,Iris.Preiss,10,R,1,1,,,gongolaria.rayssiae,24,11,,,
1069,2025-05-26 00:00:00,2025,spring,bat.galim,out,5,macroalgal.beds,promenade.macroalgae,B,1.6,shallow,15,Sarah.Ohayon,Iris.Preiss,12.5,R,1,2,,,gongolaria.rayssiae,21,11,,,
1069,2025-05-26 00:00:00,2025,spring,bat.galim,out,5,macroalgal.beds,promenade.macroalgae,B,1.6,shallow,15,Sarah.Ohayon,Iris.Preiss,15,R,1,1,,,gongolaria.rayssiae,28,10,,,
1069,2025-05-26 00:00:00,2025,spring,bat.galim,out,5,macroalgal.beds,promenade.macroalgae,B,1.6,shallow,15,Sarah.Ohayon,Iris.Preiss,17.5,R,1,1,,,gongolaria.rayssiae,21,8,,,
1069,2025-05-26 00:00:00,2025,spring,bat.galim,out,5,macroalgal.beds,promenade.macroalgae,B,1.6,shallow,15,Sarah.Ohayon,Iris.Preiss,20,R,1,1,,,gongolaria.rayssiae,26,13,,,
1069,2025-05-26 00:00:00,2025,spring,bat.galim,out,5,macroalgal.beds,promenade.macroalgae,B,1.6,shallow,15,Sarah.Ohayon,Iris.Preiss,22.5,R,1,1,,,gongolaria.rayssiae,18,12,,,
1069,2025-05-26 00:00:00,2025,spring,bat.galim,out,5,macroalgal.beds,promenade.macroalgae,B,1.6,shallow,15,Sarah.Ohayon,Iris.Preiss,25,R,1,2,,,gongolaria.rayssiae,21,11,,,
